-- MySQL dump 10.13  Distrib 8.0.40, for Win64 (x86_64)
--
-- Host: 127.0.0.1    Database: toon109
-- ------------------------------------------------------
-- Server version	8.0.39

/*!40101 SET @OLD_CHARACTER_SET_CLIENT=@@CHARACTER_SET_CLIENT */;
/*!40101 SET @OLD_CHARACTER_SET_RESULTS=@@CHARACTER_SET_RESULTS */;
/*!40101 SET @OLD_COLLATION_CONNECTION=@@COLLATION_CONNECTION */;
/*!50503 SET NAMES utf8mb4 */;
/*!40103 SET @OLD_TIME_ZONE=@@TIME_ZONE */;
/*!40103 SET TIME_ZONE='+00:00' */;
/*!40014 SET @OLD_UNIQUE_CHECKS=@@UNIQUE_CHECKS, UNIQUE_CHECKS=0 */;
/*!40014 SET @OLD_FOREIGN_KEY_CHECKS=@@FOREIGN_KEY_CHECKS, FOREIGN_KEY_CHECKS=0 */;
/*!40101 SET @OLD_SQL_MODE=@@SQL_MODE, SQL_MODE='NO_AUTO_VALUE_ON_ZERO' */;
/*!40111 SET @OLD_SQL_NOTES=@@SQL_NOTES, SQL_NOTES=0 */;
SET @MYSQLDUMP_TEMP_LOG_BIN = @@SESSION.SQL_LOG_BIN;
SET @@SESSION.SQL_LOG_BIN= 0;

--
-- GTID state at the beginning of the backup 
--

SET @@GLOBAL.GTID_PURGED=/*!80000 '+'*/ '';

--
-- Table structure for table `auction_item`
--

DROP TABLE IF EXISTS `auction_item`;
/*!40101 SET @saved_cs_client     = @@character_set_client */;
/*!50503 SET character_set_client = utf8mb4 */;
CREATE TABLE `auction_item` (
  `auction_item_id` int NOT NULL AUTO_INCREMENT,
  `nft_id` int NOT NULL,
  `bidding_price` double DEFAULT NULL,
  `buy_now_price` double DEFAULT NULL,
  `start_time` datetime DEFAULT NULL,
  `end_time` datetime DEFAULT NULL,
  `ended` varchar(1) DEFAULT NULL,
  `created_at` timestamp NULL DEFAULT CURRENT_TIMESTAMP,
  `success` varchar(1) DEFAULT NULL,
  `blockchain_status` varchar(20) DEFAULT NULL,
  `type` varchar(50) DEFAULT NULL,
  `version` int DEFAULT NULL,
  PRIMARY KEY (`auction_item_id`)
) ENGINE=InnoDB AUTO_INCREMENT=4 DEFAULT CHARSET=utf8mb4 COLLATE=utf8mb4_0900_ai_ci;
/*!40101 SET character_set_client = @saved_cs_client */;

--
-- Dumping data for table `auction_item`
--

LOCK TABLES `auction_item` WRITE;
/*!40000 ALTER TABLE `auction_item` DISABLE KEYS */;
INSERT INTO `auction_item` VALUES (1,1,0.2,0.2,'2025-04-10 15:40:22','2025-04-10 16:25:32','Y','2025-04-10 15:40:22','Y','SUCCESS','fanart',3),(2,2,0.01,1,'2025-04-10 15:42:48','2025-04-17 12:00:00','N','2025-04-10 15:42:48','N','SUCCESS','episode',1),(3,1,0.1,0.2,'2025-04-10 16:26:03','2025-04-17 12:00:00','N','2025-04-10 16:26:03','N','SUCCESS','fanart',1);
/*!40000 ALTER TABLE `auction_item` ENABLE KEYS */;
UNLOCK TABLES;

--
-- Table structure for table `bidding_history`
--

DROP TABLE IF EXISTS `bidding_history`;
/*!40101 SET @saved_cs_client     = @@character_set_client */;
/*!50503 SET character_set_client = utf8mb4 */;
CREATE TABLE `bidding_history` (
  `bidding_history_id` int NOT NULL AUTO_INCREMENT,
  `auction_item_id` int DEFAULT NULL,
  `bid_time` datetime(6) DEFAULT NULL,
  `bidding_price` double DEFAULT NULL,
  `user_id` int DEFAULT NULL,
  `latest` tinyint(1) DEFAULT NULL,
  PRIMARY KEY (`bidding_history_id`)
) ENGINE=InnoDB AUTO_INCREMENT=2 DEFAULT CHARSET=utf8mb4 COLLATE=utf8mb4_0900_ai_ci;
/*!40101 SET character_set_client = @saved_cs_client */;

--
-- Dumping data for table `bidding_history`
--

LOCK TABLES `bidding_history` WRITE;
/*!40000 ALTER TABLE `bidding_history` DISABLE KEYS */;
INSERT INTO `bidding_history` VALUES (1,1,'2025-04-10 15:44:44.523157',0.1002,13,1);
/*!40000 ALTER TABLE `bidding_history` ENABLE KEYS */;
UNLOCK TABLES;

--
-- Table structure for table `comment`
--

DROP TABLE IF EXISTS `comment`;
/*!40101 SET @saved_cs_client     = @@character_set_client */;
/*!50503 SET character_set_client = utf8mb4 */;
CREATE TABLE `comment` (
  `comment_id` int NOT NULL AUTO_INCREMENT,
  `user_id` int NOT NULL,
  `usage_id` int NOT NULL DEFAULT '0',
  `type` varchar(50) DEFAULT NULL,
  `parent_id` int DEFAULT '0',
  `content` varchar(255) DEFAULT NULL,
  `deleted` varchar(1) DEFAULT NULL,
  `updated_at` timestamp NULL DEFAULT CURRENT_TIMESTAMP,
  `created_at` timestamp NULL DEFAULT CURRENT_TIMESTAMP,
  `like_count` bigint DEFAULT NULL,
  `hate_count` bigint DEFAULT NULL,
  `reply_count` bigint DEFAULT NULL,
  PRIMARY KEY (`comment_id`)
) ENGINE=InnoDB AUTO_INCREMENT=8 DEFAULT CHARSET=utf8mb4 COLLATE=utf8mb4_0900_ai_ci;
/*!40101 SET character_set_client = @saved_cs_client */;

--
-- Dumping data for table `comment`
--

LOCK TABLES `comment` WRITE;
/*!40000 ALTER TABLE `comment` DISABLE KEYS */;
INSERT INTO `comment` VALUES (1,12,6,'COMMENT_EPISODE',0,'빨리 다음화를 주세요!','N','2025-04-09 14:45:51','2025-04-09 14:45:51',0,0,0),(2,2,1,'COMMENT_EPISODE',0,'공감되네요ㅠ','N','2025-04-10 11:42:57','2025-04-10 11:42:57',0,0,0),(3,2,1,'COMMENT_EPISODE',0,'모두들 취업 파이팅하세요!!!','N','2025-04-10 16:26:11','2025-04-10 11:43:23',0,0,2),(4,7,5,'COMMENT_EPISODE',0,'재밌었어요','Y','2025-04-10 13:46:19','2025-04-10 13:46:14',0,0,0),(5,5,4,'COMMENT_EPISODE',0,'재밌어요!','N','2025-04-10 14:10:05','2025-04-10 14:10:05',0,0,0),(6,14,1,'COMMENT_EPISODE',3,'갱갱갱님도 파이팅입니다','N','2025-04-10 16:24:03','2025-04-10 16:24:03',0,0,0),(7,14,1,'COMMENT_EPISODE',3,'취업은 자신감!','N','2025-04-10 16:26:11','2025-04-10 16:26:11',0,0,0);
/*!40000 ALTER TABLE `comment` ENABLE KEYS */;
UNLOCK TABLES;

--
-- Table structure for table `comment_preference`
--

DROP TABLE IF EXISTS `comment_preference`;
/*!40101 SET @saved_cs_client     = @@character_set_client */;
/*!50503 SET character_set_client = utf8mb4 */;
CREATE TABLE `comment_preference` (
  `liked_id` int NOT NULL AUTO_INCREMENT,
  `comment_id` int NOT NULL,
  `user_id` int NOT NULL,
  `liked` varchar(1) DEFAULT NULL,
  PRIMARY KEY (`liked_id`)
) ENGINE=InnoDB DEFAULT CHARSET=utf8mb4 COLLATE=utf8mb4_0900_ai_ci;
/*!40101 SET character_set_client = @saved_cs_client */;

--
-- Dumping data for table `comment_preference`
--

LOCK TABLES `comment_preference` WRITE;
/*!40000 ALTER TABLE `comment_preference` DISABLE KEYS */;
/*!40000 ALTER TABLE `comment_preference` ENABLE KEYS */;
UNLOCK TABLES;

--
-- Table structure for table `contract_transactions`
--

DROP TABLE IF EXISTS `contract_transactions`;
/*!40101 SET @saved_cs_client     = @@character_set_client */;
/*!50503 SET character_set_client = utf8mb4 */;
CREATE TABLE `contract_transactions` (
  `contract_id` int NOT NULL AUTO_INCREMENT,
  `block_number` bigint DEFAULT NULL,
  `block_hash` varchar(66) DEFAULT NULL,
  `time_stamp` bigint DEFAULT NULL,
  `hash` varchar(66) NOT NULL,
  `nonce` varchar(255) DEFAULT NULL,
  `transaction_index` varchar(255) DEFAULT NULL,
  `from` varchar(42) DEFAULT NULL,
  `to` varchar(42) DEFAULT NULL,
  `value` varchar(255) DEFAULT NULL,
  `gas` varchar(255) DEFAULT NULL,
  `gas_price` varchar(255) DEFAULT NULL,
  `contract_address` varchar(42) DEFAULT NULL,
  `gas_used` varchar(255) DEFAULT NULL,
  `input` text,
  `created_at` timestamp NULL DEFAULT CURRENT_TIMESTAMP,
  PRIMARY KEY (`contract_id`),
  UNIQUE KEY `uniq_hash` (`hash`)
) ENGINE=InnoDB AUTO_INCREMENT=86 DEFAULT CHARSET=utf8mb4 COLLATE=utf8mb4_0900_ai_ci;
/*!40101 SET character_set_client = @saved_cs_client */;

--
-- Dumping data for table `contract_transactions`
--

LOCK TABLES `contract_transactions` WRITE;
/*!40000 ALTER TABLE `contract_transactions` DISABLE KEYS */;
INSERT INTO `contract_transactions` VALUES (1,3647758,'0x7d9f592e7390db09410f2a0d43c103e183370a234b778b2cac3760d993d7dc9d',1744266252,'0xe38d683de4edba28b3f3e762acd12ec88be1bc1f4aee5604e769ca89a16918f8','142','0','0x2b652761736763f537f372a6a947000424970c48',NULL,'0','6000000','10000000000','0x22f4Ced20bceE951517Ca68dc4a123609aB55B94','2276480','0x60806040523480156200001157600080fd5b5060408051808201825260098082526821b430b4b73a37b7b760b91b602080840182905284518086019095529184529083015290600062000053838262000180565b50600162000062828262000180565b5050506200007f620000796200008560201b60201c565b62000089565b6200024c565b3390565b600b80546001600160a01b038381166001600160a01b0319831681179093556040519116919082907f8be0079c531659141344cd1fd0a4f28419497f9722a3daafe3b4186f6b6457e090600090a35050565b634e487b7160e01b600052604160045260246000fd5b600181811c908216806200010657607f821691505b6020821081036200012757634e487b7160e01b600052602260045260246000fd5b50919050565b601f8211156200017b57600081815260208120601f850160051c81016020861015620001565750805b601f850160051c820191505b81811015620001775782815560010162000162565b5050505b505050565b81516001600160401b038111156200019c576200019c620000db565b620001b481620001ad8454620000f1565b846200012d565b602080601f831160018114620001ec5760008415620001d35750858301515b600019600386901b1c1916600185901b17855562000177565b600085815260208120601f198616915b828110156200021d57888601518255948401946001909101908401620001fc565b50858210156200023c5787850151600019600388901b60f8161c191681555b5050505050600190811b01905550565b6126cf806200025c6000396000f3fe6080604052600436106101815760003560e01c8063715018a6116100d1578063b88d4fde1161008a578063de74e57b11610064578063de74e57b146104ef578063e985e9c51461056a578063f2fde38b146105b3578063fcce4883146105d357600080fd5b8063b88d4fde1461048f578063c03d7637146104af578063c87b56dd146104cf57600080fd5b8063715018a61461039c57806376b01941146103b15780638da5cb5b1461041c57806394383f141461043a57806395d89b411461045a578063a22cb4651461046f57600080fd5b80632e39c5541161013e5780634f6ccce7116101185780634f6ccce71461032957806351ed8288146103495780636352211e1461035c57806370a082311461037c57600080fd5b80632e39c554146102765780632f745c59146102e957806342842e0e1461030957600080fd5b806301ffc9a71461018657806306fdde03146101bb578063081812fc146101dd578063095ea7b31461021557806318160ddd1461023757806323b872dd14610256575b600080fd5b34801561019257600080fd5b506101a66101a1366004611fbf565b610606565b60405190151581526020015b60405180910390f35b3480156101c757600080fd5b506101d0610617565b6040516101b2919061202c565b3480156101e957600080fd5b506101fd6101f836600461203f565b6106a9565b6040516001600160a01b0390911681526020016101b2565b34801561022157600080fd5b50610235610230366004612074565b6106d0565b005b34801561024357600080fd5b506008545b6040519081526020016101b2565b34801561026257600080fd5b5061023561027136600461209e565b6107ea565b34801561028257600080fd5b506102bf61029136600461203f565b600e602052600090815260409020805460018201546002909201546001600160a01b03918216928216911683565b604080516001600160a01b03948516815292841660208401529216918101919091526060016101b2565b3480156102f557600080fd5b50610248610304366004612074565b61081b565b34801561031557600080fd5b5061023561032436600461209e565b6108b1565b34801561033557600080fd5b5061024861034436600461203f565b6108cc565b61023561035736600461203f565b61095f565b34801561036857600080fd5b506101fd61037736600461203f565b610d1c565b34801561038857600080fd5b506102486103973660046120da565b610d7c565b3480156103a857600080fd5b50610235610e02565b3480156103bd57600080fd5b506103f76103cc36600461203f565b600f602052600090815260409020805460018201546002909201546001600160a01b03909116919083565b604080516001600160a01b0390941684526020840192909252908201526060016101b2565b34801561042857600080fd5b50600b546001600160a01b03166101fd565b34801561044657600080fd5b506102356104553660046120f5565b610e16565b34801561046657600080fd5b506101d0610f7d565b34801561047b57600080fd5b5061023561048a366004612117565b610f8c565b34801561049b57600080fd5b506102356104aa3660046121df565b610f9b565b3480156104bb57600080fd5b506102486104ca36600461225b565b610fd3565b3480156104db57600080fd5b506101d06104ea36600461203f565b611110565b3480156104fb57600080fd5b5061053e61050a36600461203f565b600d6020526000908152604090208054600182015460028301546003909301546001600160a01b0390921692909160ff1684565b604080516001600160a01b039095168552602085019390935291830152151560608201526080016101b2565b34801561057657600080fd5b506101a66105853660046122de565b6001600160a01b03918216600090815260056020908152604080832093909416825291909152205460ff1690565b3480156105bf57600080fd5b506102356105ce3660046120da565b61111b565b3480156105df57600080fd5b506101a66105ee36600461203f565b6000908152600d602052604090206003015460ff1690565b600061061182611194565b92915050565b60606000805461062690612311565b80601f016020809104026020016040519081016040528092919081815260200182805461065290612311565b801561069f5780601f106106745761010080835404028352916020019161069f565b820191906000526020600020905b81548152906001019060200180831161068257829003601f168201915b5050505050905090565b60006106b4826111b9565b506000908152600460205260409020546001600160a01b031690565b60006106db82610d1c565b9050806001600160a01b0316836001600160a01b03160361074d5760405162461bcd60e51b815260206004820152602160248201527f4552433732313a20617070726f76616c20746f2063757272656e74206f776e656044820152603960f91b60648201526084015b60405180910390fd5b336001600160a01b038216148061076957506107698133610585565b6107db5760405162461bcd60e51b815260206004820152603d60248201527f4552433732313a20617070726f76652063616c6c6572206973206e6f7420746f60448201527f6b656e206f776e6572206f7220617070726f76656420666f7220616c6c0000006064820152608401610744565b6107e58383611218565b505050565b6107f43382611286565b6108105760405162461bcd60e51b81526004016107449061234b565b6107e5838383611304565b600061082683610d7c565b82106108885760405162461bcd60e51b815260206004820152602b60248201527f455243373231456e756d657261626c653a206f776e657220696e646578206f7560448201526a74206f6620626f756e647360a81b6064820152608401610744565b506001600160a01b03919091166000908152600660209081526040808320938352929052205490565b6107e583838360405180602001604052806000815250610f9b565b60006108d760085490565b821061093a5760405162461bcd60e51b815260206004820152602c60248201527f455243373231456e756d657261626c653a20676c6f62616c20696e646578206f60448201526b7574206f6620626f756e647360a01b6064820152608401610744565b6008828154811061094d5761094d612398565b90600052602060002001549050919050565b6000818152600d60205260409020600381015460ff166109c15760405162461bcd60e51b815260206004820152601a60248201527f4e4654206973206e6f74206c697374656420666f722073616c650000000000006044820152606401610744565b8060010154341015610a0a5760405162461bcd60e51b8152602060048201526012602482015271496e73756666696369656e742066756e647360701b6044820152606401610744565b6000828152600e6020526040812034916064610a278460046123c4565b610a3191906123db565b905060006064610a4285605f6123c4565b610a4c91906123db565b90506000610a5a82846123fd565b610a649086612410565b84546040519192506000916001600160a01b039091169085908381818185875af1925050503d8060008114610ab5576040519150601f19603f3d011682016040523d82523d6000602084013e610aba565b606091505b505060018601546040519192506000916001600160a01b039091169085908381818185875af1925050503d8060008114610b10576040519150601f19603f3d011682016040523d82523d6000602084013e610b15565b606091505b505060028701546040519192506000916001600160a01b039091169085908381818185875af1925050503d8060008114610b6b576040519150601f19603f3d011682016040523d82523d6000602084013e610b70565b606091505b50509050828015610b7e5750815b8015610b875750805b610bc55760405162461bcd60e51b815260206004820152600f60248201526e151c985b9cd9995c8819985a5b1959608a1b6044820152606401610744565b8854610bdb906001600160a01b0316338c611304565b60008960030160006101000a81548160ff021916908315150217905550338760010160006101000a8154816001600160a01b0302191690836001600160a01b031602179055506040518060600160405280336001600160a01b0316815260200189815260200142815250600f60008c815260200190815260200160002060008201518160000160006101000a8154816001600160a01b0302191690836001600160a01b0316021790555060208201518160010155604082015181600201559050507f8562eb94748e30bb0071e932744ce902b460c683474fcb3bfd567ffa16b1afb28a338b60000160009054906101000a90046001600160a01b03168b604051610d0894939291909384526001600160a01b03928316602085015291166040830152606082015260800190565b60405180910390a150505050505050505050565b6000818152600260205260408120546001600160a01b0316806106115760405162461bcd60e51b8152602060048201526018602482015277115490cdcc8c4e881a5b9d985b1a59081d1bdad95b88125160421b6044820152606401610744565b60006001600160a01b038216610de65760405162461bcd60e51b815260206004820152602960248201527f4552433732313a2061646472657373207a65726f206973206e6f7420612076616044820152683634b21037bbb732b960b91b6064820152608401610744565b506001600160a01b031660009081526003602052604090205490565b610e0a611475565b610e1460006114cf565b565b60008111610e665760405162461bcd60e51b815260206004820152601f60248201527f5072696365206d7573742062652067726561746572207468616e207a65726f006044820152606401610744565b33610e7083610d1c565b6001600160a01b031614610ec65760405162461bcd60e51b815260206004820152601760248201527f4f6e6c79206f776e65722063616e206c697374204e46540000000000000000006044820152606401610744565b604080516080810182523380825260208083018581528385018681526001606080870182815260008b8152600d8752899020975188546001600160a01b0319166001600160a01b039091161788559351918701919091559051600286015590516003909401805460ff1916941515949094179093558351868152908101919091529182018390527f5f9c03de076f5063cd3ebcfe8ef7aa8af378e4b35a83c77ba9777e97083879a291015b60405180910390a15050565b60606001805461062690612311565b610f97338383611521565b5050565b610fa53383611286565b610fc15760405162461bcd60e51b81526004016107449061234b565b610fcd848484846115ef565b50505050565b6000808451116110255760405162461bcd60e51b815260206004820152601960248201527f546f6b656e205552492063616e6e6f7420626520656d707479000000000000006044820152606401610744565b600c805490600061103583612423565b9091555050600c546110478682611622565b61105181866117bb565b604080516060810182526001600160a01b0380871682523360208084019182528783168486019081526000878152600e90925290859020935184549084166001600160a01b03199182161785559151600185018054918516918416919091179055516002909301805493831693909116929092179091559051908716907fe7cd4ce7f2a465edc730269a1305e8a48bad821e8fb7e152ec413829c01a53c4906110fd908490899061243c565b60405180910390a290505b949350505050565b60606106118261187f565b611123611475565b6001600160a01b0381166111885760405162461bcd60e51b815260206004820152602660248201527f4f776e61626c653a206e6577206f776e657220697320746865207a65726f206160448201526564647265737360d01b6064820152608401610744565b611191816114cf565b50565b60006001600160e01b03198216632483248360e11b1480610611575061061182611987565b6000818152600260205260409020546001600160a01b03166111915760405162461bcd60e51b8152602060048201526018602482015277115490cdcc8c4e881a5b9d985b1a59081d1bdad95b88125160421b6044820152606401610744565b600081815260046020526040902080546001600160a01b0319166001600160a01b038416908117909155819061124d82610d1c565b6001600160a01b03167f8c5be1e5ebec7d5bd14f71427d1e84f3dd0314c0f7b2291e5b200ac8c7c3b92560405160405180910390a45050565b60008061129283610d1c565b9050806001600160a01b0316846001600160a01b031614806112d957506001600160a01b0380821660009081526005602090815260408083209388168352929052205460ff165b806111085750836001600160a01b03166112f2846106a9565b6001600160a01b031614949350505050565b826001600160a01b031661131782610d1c565b6001600160a01b03161461133d5760405162461bcd60e51b815260040161074490612455565b6001600160a01b03821661139f5760405162461bcd60e51b8152602060048201526024808201527f4552433732313a207472616e7366657220746f20746865207a65726f206164646044820152637265737360e01b6064820152608401610744565b6113ac83838360016119ac565b826001600160a01b03166113bf82610d1c565b6001600160a01b0316146113e55760405162461bcd60e51b815260040161074490612455565b600081815260046020908152604080832080546001600160a01b03199081169091556001600160a01b0387811680865260038552838620805460001901905590871680865283862080546001019055868652600290945282852080549092168417909155905184937fddf252ad1be2c89b69c2b068fc378daa952ba7f163c4a11628f55a4df523b3ef91a4505050565b600b546001600160a01b03163314610e145760405162461bcd60e51b815260206004820181905260248201527f4f776e61626c653a2063616c6c6572206973206e6f7420746865206f776e65726044820152606401610744565b600b80546001600160a01b038381166001600160a01b0319831681179093556040519116919082907f8be0079c531659141344cd1fd0a4f28419497f9722a3daafe3b4186f6b6457e090600090a35050565b816001600160a01b0316836001600160a01b0316036115825760405162461bcd60e51b815260206004820152601960248201527f4552433732313a20617070726f766520746f2063616c6c6572000000000000006044820152606401610744565b6001600160a01b03838116600081815260056020908152604080832094871680845294825291829020805460ff191686151590811790915591519182527f17307eab39ab6107e8899845ad3d59bd9653f200f220920489ca2b5937696c31910160405180910390a3505050565b6115fa848484611304565b611606848484846119b8565b610fcd5760405162461bcd60e51b81526004016107449061249a565b6001600160a01b0382166116785760405162461bcd60e51b815260206004820181905260248201527f4552433732313a206d696e7420746f20746865207a65726f20616464726573736044820152606401610744565b6000818152600260205260409020546001600160a01b0316156116dd5760405162461bcd60e51b815260206004820152601c60248201527f4552433732313a20746f6b656e20616c7265616479206d696e746564000000006044820152606401610744565b6116eb6000838360016119ac565b6000818152600260205260409020546001600160a01b0316156117505760405162461bcd60e51b815260206004820152601c60248201527f4552433732313a20746f6b656e20616c7265616479206d696e746564000000006044820152606401610744565b6001600160a01b038216600081815260036020908152604080832080546001019055848352600290915280822080546001600160a01b0319168417905551839291907fddf252ad1be2c89b69c2b068fc378daa952ba7f163c4a11628f55a4df523b3ef908290a45050565b6000828152600260205260409020546001600160a01b03166118365760405162461bcd60e51b815260206004820152602e60248201527f45524337323155524953746f726167653a2055524920736574206f66206e6f6e60448201526d32bc34b9ba32b73a103a37b5b2b760911b6064820152608401610744565b6000828152600a6020526040902061184e828261253a565b506040518281527ff8e1a15aba9398e019f0b49df1a4fde98ee17ae345cb5f6b5e2c27f5033e8ce790602001610f71565b606061188a826111b9565b6000828152600a6020526040812080546118a390612311565b80601f01602080910402602001604051908101604052809291908181526020018280546118cf90612311565b801561191c5780601f106118f15761010080835404028352916020019161191c565b820191906000526020600020905b8154815290600101906020018083116118ff57829003601f168201915b50505050509050600061193a60408051602081019091526000815290565b9050805160000361194c575092915050565b81511561197e5780826040516020016119669291906125fa565b60405160208183030381529060405292505050919050565b61110884611ab6565b60006001600160e01b0319821663780e9d6360e01b1480610611575061061182611b2a565b610fcd84848484611b7a565b60006001600160a01b0384163b15611aae57604051630a85bd0160e11b81526001600160a01b0385169063150b7a02906119fc903390899088908890600401612629565b6020604051808303816000875af1925050508015611a37575060408051601f3d908101601f19168201909252611a3491810190612666565b60015b611a94573d808015611a65576040519150601f19603f3d011682016040523d82523d6000602084013e611a6a565b606091505b508051600003611a8c5760405162461bcd60e51b81526004016107449061249a565b805181602001fd5b6001600160e01b031916630a85bd0160e11b149050611108565b506001611108565b6060611ac1826111b9565b6000611ad860408051602081019091526000815290565b90506000815111611af85760405180602001604052806000815250611b23565b80611b0284611cae565b604051602001611b139291906125fa565b6040516020818303038152906040525b9392505050565b60006001600160e01b031982166380ac58cd60e01b1480611b5b57506001600160e01b03198216635b5e139f60e01b145b8061061157506301ffc9a760e01b6001600160e01b0319831614610611565b6001811115611be95760405162461bcd60e51b815260206004820152603560248201527f455243373231456e756d657261626c653a20636f6e7365637574697665207472604482015274185b9cd9995c9cc81b9bdd081cdd5c1c1bdc9d1959605a1b6064820152608401610744565b816001600160a01b038516611c4557611c4081600880546000838152600960205260408120829055600182018355919091527ff3f7a9fe364faab93b216da50a3214154f22a0a2b415b23a84c8169e8b636ee30155565b611c68565b836001600160a01b0316856001600160a01b031614611c6857611c688582611d41565b6001600160a01b038416611c8457611c7f81611dde565b611ca7565b846001600160a01b0316846001600160a01b031614611ca757611ca78482611e8d565b5050505050565b60606000611cbb83611ed1565b600101905060008167ffffffffffffffff811115611cdb57611cdb612153565b6040519080825280601f01601f191660200182016040528015611d05576020820181803683370190505b5090508181016020015b600019016f181899199a1a9b1b9c1cb0b131b232b360811b600a86061a8153600a8504945084611d0f57509392505050565b60006001611d4e84610d7c565b611d589190612410565b600083815260076020526040902054909150808214611dab576001600160a01b03841660009081526006602090815260408083208584528252808320548484528184208190558352600790915290208190555b5060009182526007602090815260408084208490556001600160a01b039094168352600681528383209183525290812055565b600854600090611df090600190612410565b60008381526009602052604081205460088054939450909284908110611e1857611e18612398565b906000526020600020015490508060088381548110611e3957611e39612398565b6000918252602080832090910192909255828152600990915260408082208490558582528120556008805480611e7157611e71612683565b6001900381819060005260206000200160009055905550505050565b6000611e9883610d7c565b6001600160a01b039093166000908152600660209081526040808320868452825280832085905593825260079052919091209190915550565b60008072184f03e93ff9f4daa797ed6e38ed64bf6a1f0160401b8310611f105772184f03e93ff9f4daa797ed6e38ed64bf6a1f0160401b830492506040015b6d04ee2d6d415b85acef81000000008310611f3c576d04ee2d6d415b85acef8100000000830492506020015b662386f26fc100008310611f5a57662386f26fc10000830492506010015b6305f5e1008310611f72576305f5e100830492506008015b6127108310611f8657612710830492506004015b60648310611f98576064830492506002015b600a83106106115760010192915050565b6001600160e01b03198116811461119157600080fd5b600060208284031215611fd157600080fd5b8135611b2381611fa9565b60005b83811015611ff7578181015183820152602001611fdf565b50506000910152565b60008151808452612018816020860160208601611fdc565b601f01601f19169290920160200192915050565b602081526000611b236020830184612000565b60006020828403121561205157600080fd5b5035919050565b80356001600160a01b038116811461206f57600080fd5b919050565b6000806040838503121561208757600080fd5b61209083612058565b946020939093013593505050565b6000806000606084860312156120b357600080fd5b6120bc84612058565b92506120ca60208501612058565b9150604084013590509250925092565b6000602082840312156120ec57600080fd5b611b2382612058565b6000806040838503121561210857600080fd5b50508035926020909101359150565b6000806040838503121561212a57600080fd5b61213383612058565b91506020830135801515811461214857600080fd5b809150509250929050565b634e487b7160e01b600052604160045260246000fd5b600067ffffffffffffffff8084111561218457612184612153565b604051601f8501601f19908116603f011681019082821181831017156121ac576121ac612153565b816040528093508581528686860111156121c557600080fd5b858560208301376000602087830101525050509392505050565b600080600080608085870312156121f557600080fd5b6121fe85612058565b935061220c60208601612058565b925060408501359150606085013567ffffffffffffffff81111561222f57600080fd5b8501601f8101871361224057600080fd5b61224f87823560208401612169565b91505092959194509250565b6000806000806080858703121561227157600080fd5b61227a85612058565b9350602085013567ffffffffffffffff81111561229657600080fd5b8501601f810187136122a757600080fd5b6122b687823560208401612169565b9350506122c560408601612058565b91506122d360608601612058565b905092959194509250565b600080604083850312156122f157600080fd5b6122fa83612058565b915061230860208401612058565b90509250929050565b600181811c9082168061232557607f821691505b60208210810361234557634e487b7160e01b600052602260045260246000fd5b50919050565b6020808252602d908201527f4552433732313a2063616c6c6572206973206e6f7420746f6b656e206f776e6560408201526c1c881bdc88185c1c1c9bdd9959609a1b606082015260800190565b634e487b7160e01b600052603260045260246000fd5b634e487b7160e01b600052601160045260246000fd5b8082028115828204841417610611576106116123ae565b6000826123f857634e487b7160e01b600052601260045260246000fd5b500490565b80820180821115610611576106116123ae565b81810381811115610611576106116123ae565b600060018201612435576124356123ae565b5060010190565b8281526040602082015260006111086040830184612000565b60208082526025908201527f4552433732313a207472616e736665722066726f6d20696e636f72726563742060408201526437bbb732b960d91b606082015260800190565b60208082526032908201527f4552433732313a207472616e7366657220746f206e6f6e20455243373231526560408201527131b2b4bb32b91034b6b83632b6b2b73a32b960711b606082015260800190565b601f8211156107e557600081815260208120601f850160051c810160208610156125135750805b601f850160051c820191505b818110156125325782815560010161251f565b505050505050565b815167ffffffffffffffff81111561255457612554612153565b612568816125628454612311565b846124ec565b602080601f83116001811461259d57600084156125855750858301515b600019600386901b1c1916600185901b178555612532565b600085815260208120601f198616915b828110156125cc578886015182559484019460019091019084016125ad565b50858210156125ea5787850151600019600388901b60f8161c191681555b5050505050600190811b01905550565b6000835161260c818460208801611fdc565b835190830190612620818360208801611fdc565b01949350505050565b6001600160a01b038581168252841660208201526040810183905260806060820181905260009061265c90830184612000565b9695505050505050565b60006020828403121561267857600080fd5b8151611b2381611fa9565b634e487b7160e01b600052603160045260246000fdfea264697066735822122060374e8ca819ec90cb684e8f2cca9d7a32e0eb1d30f402cbc8682333b263c01964736f6c63430008110033','2025-04-10 16:00:18'),(2,3647791,'0xab93ca9f9d5881168f0ef0cf48fa8eca25832e999583a6efb3dbf2005354eec6',1744266756,'0x5cd4da980c2da7cb528a8b28e3189659e5e519c0ebff313390fb6e5eac114f57','2','4','0x6ee4dd7f9d91c947517fbbcf21012c30a930cc7e','0x22f4ced20bcee951517ca68dc4a123609ab55b94','0','329567','1369079','0x22f4Ced20bceE951517Ca68dc4a123609aB55B94','325814','0xc03d76370000000000000000000000006ee4dd7f9d91c947517fbbcf21012c30a930cc7e0000000000000000000000000000000000000000000000000000000000000080000000000000000000000000578c4e91697b51f31852696ad3f642525ca3c3db000000000000000000000000146e804252d918fb1afedbe88a33f0f74601f42c000000000000000000000000000000000000000000000000000000000000005068747470733a2f2f676174657761792e70696e6174612e636c6f75642f697066732f516d55697570507471554a38654a6150617675535271726a70385569476634524b6736506646707652445a61624500000000000000000000000000000000','2025-04-10 16:00:18'),(3,3647820,'0xafefa51a5ba5d6051370e4ffcacb47a90765d80c288fb47e908ccd2fd8b42c07',1744267188,'0x22ae068cd064c129318e7fb7f945077d35c5eda2a1b30f44147793b5f3fd19a4','3','9','0x6ee4dd7f9d91c947517fbbcf21012c30a930cc7e','0x22f4ced20bcee951517ca68dc4a123609ab55b94','0','317976','1369079','0x22f4Ced20bceE951517Ca68dc4a123609aB55B94','314314','0xc03d76370000000000000000000000006ee4dd7f9d91c947517fbbcf21012c30a930cc7e0000000000000000000000000000000000000000000000000000000000000080000000000000000000000000a659133568d83516bb9dad38b31bf1350ece6dbd000000000000000000000000146e804252d918fb1afedbe88a33f0f74601f42c000000000000000000000000000000000000000000000000000000000000005068747470733a2f2f676174657761792e70696e6174612e636c6f75642f697066732f516d563753773764644b78436779693632734d6445436d454a486b764d44665238574a384679704344766736387900000000000000000000000000000000','2025-04-10 16:00:18'),(4,3647823,'0xfd4bdd9ffdb8185947fe4cec9a1b140a1ac49827015196aa18942139a1377460',1744267260,'0x011496552657fe7c4d4f11f7099e573c26130536b191ff729f7da9e2223fe804','4','11','0x6ee4dd7f9d91c947517fbbcf21012c30a930cc7e','0x22f4ced20bcee951517ca68dc4a123609ab55b94','0','115426','1369079','0x22f4Ced20bceE951517Ca68dc4a123609aB55B94','114389','0x94383f140000000000000000000000000000000000000000000000000000000000000002000000000000000000000000000000000000000000000000016345785d8a0000','2025-04-10 16:00:18'),(5,3647823,'0xfd4bdd9ffdb8185947fe4cec9a1b140a1ac49827015196aa18942139a1377460',1744267260,'0x82e7d5f66c24dea74bee0ecd4279236d6a94c9496596af3c82df47262547d978','8','17','0x4b7fef23923c7f4e9b8b6e5f4f196359ee2f6a98','0x22f4ced20bcee951517ca68dc4a123609ab55b94','0','315154','1369079','0x22f4Ced20bceE951517Ca68dc4a123609aB55B94','311514','0xc03d76370000000000000000000000004b7fef23923c7f4e9b8b6e5f4f196359ee2f6a9800000000000000000000000000000000000000000000000000000000000000800000000000000000000000004b7fef23923c7f4e9b8b6e5f4f196359ee2f6a98000000000000000000000000146e804252d918fb1afedbe88a33f0f74601f42c000000000000000000000000000000000000000000000000000000000000005068747470733a2f2f676174657761792e70696e6174612e636c6f75642f697066732f516d62757a4d54417667586650757838524748626d6a6166726f384848456e4c34793332784e746a48546653754c00000000000000000000000000000000','2025-04-10 16:00:18'),(6,3647832,'0x83eaf15c8e45139708713dbcf97c7b0eb5b8e61e266a21f518c20d19b951742a',1744267380,'0x04e6c1332355253833b5fc8e59bf185b77cbdc862457837dffd65f86544de82b','9','6','0x4b7fef23923c7f4e9b8b6e5f4f196359ee2f6a98','0x22f4ced20bcee951517ca68dc4a123609ab55b94','0','115414','1369079','0x22f4Ced20bceE951517Ca68dc4a123609aB55B94','114377','0x94383f140000000000000000000000000000000000000000000000000000000000000003000000000000000000000000000000000000000000000000002386f26fc10000','2025-04-10 16:00:18'),(7,3647855,'0xbd55f893c6aee2c345d8e5a9a53db26bdcb5211abe48e8751280a112ce905529',1744267764,'0x170f7c983e53e66cae1f5b719ba3c1d5db00810eda6c6133909dd43fa0b0d3c2','7','5','0xd87e38a525556e0ec28bd6565ab895a961daf128','0x22f4ced20bcee951517ca68dc4a123609ab55b94','0','311502','1460807','0x22f4Ced20bceE951517Ca68dc4a123609aB55B94','311502','0xc03d7637000000000000000000000000d87e38a525556e0ec28bd6565ab895a961daf12800000000000000000000000000000000000000000000000000000000000000800000000000000000000000002b652761736763f537f372a6a947000424970c48000000000000000000000000146e804252d918fb1afedbe88a33f0f74601f42c000000000000000000000000000000000000000000000000000000000000005068747470733a2f2f676174657761792e70696e6174612e636c6f75642f697066732f516d5a6264674653763675723251394a51764a7a6e6f65797a3547664a5479545843395867514d4835446276453500000000000000000000000000000000','2025-04-10 16:00:18'),(8,3647867,'0x5790ca3eefebc7ffc090cdabf0c3841e1616d641a5eda303da7ec07b2b4d8d0f',1744267956,'0x7126226781cbbd7d97b73448d47be55ee225344594682f973794ed8f818b05b0','8','8','0xd87e38a525556e0ec28bd6565ab895a961daf128','0x22f4ced20bcee951517ca68dc4a123609ab55b94','0','317964','1328006','0x22f4Ced20bceE951517Ca68dc4a123609aB55B94','314302','0xc03d7637000000000000000000000000d87e38a525556e0ec28bd6565ab895a961daf12800000000000000000000000000000000000000000000000000000000000000800000000000000000000000002b652761736763f537f372a6a947000424970c48000000000000000000000000146e804252d918fb1afedbe88a33f0f74601f42c000000000000000000000000000000000000000000000000000000000000005068747470733a2f2f676174657761792e70696e6174612e636c6f75642f697066732f516d55413559765043657266684550574477385567584b3161755a78635034576d4e6b35364e647370704b75546800000000000000000000000000000000','2025-04-10 16:00:18'),(9,3647890,'0x67c05fd18a139a59b04fde47df44084a6706edb21dd4c32bb1d82dbca7f16c3f',1744268316,'0xfd7b3583f108eef412af9b5184df793411e742be018fb8f458543212e9a994ad','9','10','0xd87e38a525556e0ec28bd6565ab895a961daf128','0x22f4ced20bcee951517ca68dc4a123609ab55b94','0','314302','1328006','0x22f4Ced20bceE951517Ca68dc4a123609aB55B94','314302','0xc03d7637000000000000000000000000d87e38a525556e0ec28bd6565ab895a961daf12800000000000000000000000000000000000000000000000000000000000000800000000000000000000000002b652761736763f537f372a6a947000424970c48000000000000000000000000146e804252d918fb1afedbe88a33f0f74601f42c000000000000000000000000000000000000000000000000000000000000005068747470733a2f2f676174657761792e70696e6174612e636c6f75642f697066732f516d5a676e46705939384763774d3332776663376a3933764e6170674c7562345435397a7858686e345253766b4e00000000000000000000000000000000','2025-04-10 16:00:18'),(19,3647900,'0x24588414ae71a741b8c335554ff163b7505564275d46fa10a599593ec6c3c896',1744268436,'0x70799106359e7ebfb7cea31a7c79fb20da5d0495a781840f1fd5816d688908ae','10','3','0x4b7fef23923c7f4e9b8b6e5f4f196359ee2f6a98','0x22f4ced20bcee951517ca68dc4a123609ab55b94','0','317976','1369079','0x22f4Ced20bceE951517Ca68dc4a123609aB55B94','314314','0xc03d76370000000000000000000000004b7fef23923c7f4e9b8b6e5f4f196359ee2f6a9800000000000000000000000000000000000000000000000000000000000000800000000000000000000000004b7fef23923c7f4e9b8b6e5f4f196359ee2f6a98000000000000000000000000146e804252d918fb1afedbe88a33f0f74601f42c000000000000000000000000000000000000000000000000000000000000005068747470733a2f2f676174657761792e70696e6174612e636c6f75642f697066732f516d5274654872597a764e7a596969634e42596e584b6f67746a4c6453544d694b50314663444359356e4a74654e00000000000000000000000000000000','2025-04-10 17:00:02'),(20,3647997,'0x05a0cca983f6e989c6ef2be662ce4f080fd3e79f29680f3faaa070ea9bc95b3f',1744269924,'0x2bf5861580a23279491dbe30773cdfa42e41a729096e4561bc4381ae1fea8cc7','10','14','0xd87e38a525556e0ec28bd6565ab895a961daf128','0x22f4ced20bcee951517ca68dc4a123609ab55b94','200000000000000000','191932','1328006','0x22f4Ced20bceE951517Ca68dc4a123609aB55B94','182332','0x51ed82880000000000000000000000000000000000000000000000000000000000000002','2025-04-10 17:00:02'),(21,3648001,'0x290d8fcb1d2ccbcc8ae89d15e3aa26566b164e9715fa91c42192190f80f9b2bf',1744269984,'0x4aabe937c72950914d5c14e6420a9e862e338cc84f263d902cdcfc83e3e646ef','11','5','0xd87e38a525556e0ec28bd6565ab895a961daf128','0x22f4ced20bcee951517ca68dc4a123609ab55b94','0','57489','980000007','0x22f4Ced20bceE951517Ca68dc4a123609aB55B94','57489','0x94383f140000000000000000000000000000000000000000000000000000000000000002000000000000000000000000000000000000000000000000016345785d8a0000','2025-04-10 17:00:02'),(46,3648138,'0xe897aa4f56f938cbd695efc7b87768d70ec8314a7521822c94474a45e4ecfe89',1744272012,'0x78314570bc9b281e3f8073f84d113d4126ca1b1251131de1383c42da50a5d5cd','12','14','0xd87e38a525556e0ec28bd6565ab895a961daf128','0x22f4ced20bcee951517ca68dc4a123609ab55b94','0','317964','1374473','0x22f4Ced20bceE951517Ca68dc4a123609aB55B94','314302','0xc03d7637000000000000000000000000d87e38a525556e0ec28bd6565ab895a961daf12800000000000000000000000000000000000000000000000000000000000000800000000000000000000000002b652761736763f537f372a6a947000424970c48000000000000000000000000146e804252d918fb1afedbe88a33f0f74601f42c000000000000000000000000000000000000000000000000000000000000005068747470733a2f2f676174657761792e70696e6174612e636c6f75642f697066732f516d57654277596b5253364e7a37627155743461505676325a5a4e7538327a5a4a6d4b357a627a4856553769355700000000000000000000000000000000','2025-04-10 18:00:02');
/*!40000 ALTER TABLE `contract_transactions` ENABLE KEYS */;
UNLOCK TABLES;

--
-- Table structure for table `episode`
--

DROP TABLE IF EXISTS `episode`;
/*!40101 SET @saved_cs_client     = @@character_set_client */;
/*!50503 SET character_set_client = utf8mb4 */;
CREATE TABLE `episode` (
  `episode_id` int NOT NULL AUTO_INCREMENT,
  `webtoon_id` int NOT NULL,
  `episode_name` varchar(50) DEFAULT NULL,
  `writer_comment` varchar(255) DEFAULT NULL,
  `commentable` varchar(255) DEFAULT NULL,
  `upload_date` varchar(10) DEFAULT NULL,
  `thumbnail` varchar(255) DEFAULT NULL,
  `comment_count` bigint DEFAULT NULL,
  `rating_sum` bigint DEFAULT NULL,
  `rating_count` bigint DEFAULT NULL,
  `previous_episode_id` int DEFAULT '0',
  `next_episode_id` int DEFAULT '0',
  `deleted` varchar(1) DEFAULT NULL,
  `created_at` timestamp NULL DEFAULT CURRENT_TIMESTAMP,
  PRIMARY KEY (`episode_id`)
) ENGINE=InnoDB AUTO_INCREMENT=9 DEFAULT CHARSET=utf8mb4 COLLATE=utf8mb4_0900_ai_ci;
/*!40101 SET character_set_client = @saved_cs_client */;

--
-- Dumping data for table `episode`
--

LOCK TABLES `episode` WRITE;
/*!40000 ALTER TABLE `episode` DISABLE KEYS */;
INSERT INTO `episode` VALUES (1,5,'1화','잘부탁드립니다.','Y','2025-04-09','episode/1/thumbnail/140c33a0-e836-46e8-af39-9deb0dc812b9.jpg',4,10,1,0,8,'N','2025-04-09 10:47:36'),(2,7,'1화','.','Y','2025-04-09','episode/2/thumbnail/af237fff-1476-42cb-a23d-7cd02e6ca557.jpg',0,0,0,0,0,'N','2025-04-09 11:19:37'),(3,15,'1화 - 만남','재미있게 봐주세요~','Y','2025-04-09','episode/3/thumbnail/ceca8d3a-47c8-45ab-b5af-f77943be1620.jpg',0,0,0,0,0,'N','2025-04-09 11:38:10'),(4,22,'1화','도시쥐들의 모험이 시작됩니다.','Y','2025-04-09','episode/4/thumbnail/09a6c6ec-655e-4c69-b4b5-424b87b69f91.jpg',1,25,3,0,5,'N','2025-04-09 11:51:07'),(5,22,'2화','.','Y','2025-04-09','episode/5/thumbnail/9445b435-9c6d-4b25-8b76-ca2cc3a528f3.jpg',0,19,2,4,6,'N','2025-04-09 11:52:05'),(6,22,'3화','.','Y','2025-04-09','episode/6/thumbnail/7c433523-e786-4f00-9768-1a5da2576f3d.jpg',1,10,1,5,0,'N','2025-04-09 11:52:35'),(7,32,'1000원 짜리 김밥','동네 사람들의 첫 화 입니다','Y','2025-04-09','episode/7/thumbnail/c67ec830-6064-468d-806b-c834af517c5f.jpg',0,0,0,0,0,'N','2025-04-09 16:13:10'),(8,5,'2화','.','Y','2025-04-10','episode/8/thumbnail/90e05dd2-d533-458c-bc99-b6a7d0877e75.jpg',0,0,0,1,0,'N','2025-04-10 09:25:20');
/*!40000 ALTER TABLE `episode` ENABLE KEYS */;
UNLOCK TABLES;

--
-- Table structure for table `episode_image`
--

DROP TABLE IF EXISTS `episode_image`;
/*!40101 SET @saved_cs_client     = @@character_set_client */;
/*!50503 SET character_set_client = utf8mb4 */;
CREATE TABLE `episode_image` (
  `episode_image_id` int NOT NULL AUTO_INCREMENT,
  `episode_id` int NOT NULL,
  `file_size` int DEFAULT NULL COMMENT '파일 크기',
  `image_url` varchar(255) DEFAULT NULL,
  `image_order` int DEFAULT NULL,
  `deleted` varchar(1) DEFAULT NULL,
  `created_at` timestamp NULL DEFAULT CURRENT_TIMESTAMP,
  PRIMARY KEY (`episode_image_id`)
) ENGINE=InnoDB AUTO_INCREMENT=13 DEFAULT CHARSET=utf8mb4 COLLATE=utf8mb4_0900_ai_ci;
/*!40101 SET character_set_client = @saved_cs_client */;

--
-- Dumping data for table `episode_image`
--

LOCK TABLES `episode_image` WRITE;
/*!40000 ALTER TABLE `episode_image` DISABLE KEYS */;
INSERT INTO `episode_image` VALUES (1,1,606610,'episode/1/manuscript/8f792bb7-87a7-4575-8e83-8eb241c2816c.jpg',1,'N','2025-04-09 10:47:36'),(2,2,404519,'episode/2/manuscript/6de80503-5254-4f84-be28-111e9372e296.jpg',1,'N','2025-04-09 11:19:37'),(3,2,410592,'episode/2/manuscript/1e440bfa-67f4-46a6-a023-0c9cbf90eb16.jpg',2,'N','2025-04-09 11:19:37'),(4,2,379846,'episode/2/manuscript/d13062ef-555c-409c-9435-71fbbd2b6663.jpg',3,'N','2025-04-09 11:19:37'),(5,2,390750,'episode/2/manuscript/65220093-bcf1-4021-b0e7-3a0aa4b3e88e.jpg',4,'N','2025-04-09 11:19:37'),(6,2,375125,'episode/2/manuscript/818896fe-65bc-4f96-8b83-1243804f080f.jpg',5,'N','2025-04-09 11:19:37'),(7,3,765473,'episode/3/manuscript/594a05cf-6b35-4401-9c86-ab7004e7ad06.jpg',1,'N','2025-04-09 11:38:11'),(8,4,966388,'episode/4/manuscript/1a14da69-3a23-4c8e-bad7-d9fb6dc315b5.jpg',1,'N','2025-04-09 11:51:07'),(9,5,953821,'episode/5/manuscript/42a2736e-fe84-4bc3-95b2-77fe06877cfc.jpg',1,'N','2025-04-09 11:52:06'),(10,6,828680,'episode/6/manuscript/6dfb8d57-df86-4741-8ac0-6676f71f0af8.jpg',1,'N','2025-04-09 11:52:36'),(11,7,1090661,'episode/7/manuscript/93fc4b8a-b755-4b09-9928-eb8cf120d805.jpg',1,'N','2025-04-09 16:13:11'),(12,8,614293,'episode/8/manuscript/a4f3c4ba-1fb2-4748-b088-67dcb85519dd.jpg',1,'N','2025-04-10 09:25:21');
/*!40000 ALTER TABLE `episode_image` ENABLE KEYS */;
UNLOCK TABLES;

--
-- Table structure for table `fanart`
--

DROP TABLE IF EXISTS `fanart`;
/*!40101 SET @saved_cs_client     = @@character_set_client */;
/*!50503 SET character_set_client = utf8mb4 */;
CREATE TABLE `fanart` (
  `fanart_id` int NOT NULL AUTO_INCREMENT,
  `user_id` int NOT NULL,
  `webtoon_id` int NOT NULL,
  `fanart_name` varchar(50) DEFAULT NULL,
  `description` varchar(255) DEFAULT NULL,
  `fanart_image` varchar(255) DEFAULT NULL,
  `comment` int DEFAULT '0',
  `deleted` varchar(1) DEFAULT NULL,
  `created_at` timestamp NULL DEFAULT CURRENT_TIMESTAMP,
  `like_count` int DEFAULT NULL,
  PRIMARY KEY (`fanart_id`)
) ENGINE=InnoDB AUTO_INCREMENT=21 DEFAULT CHARSET=utf8mb4 COLLATE=utf8mb4_0900_ai_ci;
/*!40101 SET character_set_client = @saved_cs_client */;

--
-- Dumping data for table `fanart`
--

LOCK TABLES `fanart` WRITE;
/*!40000 ALTER TABLE `fanart` DISABLE KEYS */;
INSERT INTO `fanart` VALUES (1,2,22,'용맹쥐','쥐의 용맹한 모습을 그려보았습니다!','fanart/1/image/350ce4c1-584f-4f9c-a4d6-1afc3f131516.jpg',0,'N','2025-04-09 12:13:22',1),(2,17,7,'한복입은 계절이','새해가 많이 지났지만 한복입은 모습이 보고싶어서 그렸습니다.','fanart/2/image/a8c9c743-96e4-4a37-a76d-8812ad29a45f.jpg',0,'N','2025-04-10 02:34:09',1),(3,18,19,'내 최애 라면은 육개장','뚀니 작가님 응원합니다!','fanart/3/image/7691a1a3-b7b7-4512-a9ec-44a4e8fa5ad3.jpg',0,'N','2025-04-10 03:31:21',0),(4,18,1,'귀여워진 매화','주인공을 귀엽게 그려보았습니다!','fanart/4/image/22fcea18-8d4c-475f-aaf3-3ac0fb78ac7e.jpg',0,'N','2025-04-10 04:04:39',1),(5,2,13,'아기 도깨비','제가 그린 도깨비입니다. 귀엽죠?','fanart/5/image/aa14aeb8-e6f6-4508-ad22-a6ecb1e4956c.jpg',0,'N','2025-04-10 09:50:40',0),(6,14,23,'퇴마중인 퇴마사','주인공이 퇴마중인 모습을 상상하며 그려보았습니다.','fanart/6/image/e99db426-6b47-4109-a579-468392781d03.jpg',0,'N','2025-04-10 09:54:23',0),(7,14,13,'무서운 도깨비','제가 생각한 도깨비는 이렇게 생겼습니다..','fanart/7/image/a0bdb6ad-b98d-438d-8baf-ca02d1c8706a.jpg',0,'N','2025-04-10 09:56:48',0),(8,14,22,'귀여운 쥐이','복실한 쥐는 귀여워.','fanart/8/image/85532c16-3864-40b9-94f3-438044d2e896.jpg',0,'N','2025-04-10 09:58:13',0),(9,4,22,'연필쥐','쥐가 귀엽','fanart/9/image/b27f17d2-c0e4-43e0-82e7-7eff9fd5d797.jpg',0,'N','2025-04-10 10:03:49',0),(10,4,22,'연필쥐 2','연필쥐에 이어 연필쥐 2를 채색을 더해 그렸습니다.','fanart/10/image/a099a646-078f-4a65-98e7-be9b37e57269.jpg',0,'N','2025-04-10 10:09:42',0),(11,5,38,'물건 정리하는 주인공','구름 위 편의점에서 물건을 정리하는 주인공을 그려봤습니다.','fanart/11/image/35059ae3-9f2f-41a7-a795-6751dcfa1e8b.jpg',0,'N','2025-04-10 11:22:59',0),(12,5,22,'사람이 된 치노','사람이 된 치노를 그려봤습니다.','fanart/12/image/3becb41f-42d6-4101-af86-736d46d1f97a.jpg',0,'N','2025-04-10 13:59:37',0),(13,2,22,'귀엽쥐','귀엽쥐?','fanart/13/image/39778454-f921-4d1b-9d5d-11ec73203881.jpg',0,'N','2025-04-10 14:00:33',0),(14,2,22,'더 귀엽쥐','더 귀엽쥐?','fanart/14/image/89aa9e7b-be2e-4f1d-a146-e2dea481d8dc.jpg',0,'N','2025-04-10 15:10:38',0),(15,2,22,'Gee','Girl Gee Gee Gee Gee Baby Baby Baby Gee Gee Gee Gee Baby Baby Baby','fanart/15/image/870968ea-6435-4739-9bd6-2eeb35385152.jpg',0,'N','2025-04-10 15:13:37',0),(16,2,22,'BABY 쥐','아기 쥐 기여워..','fanart/16/image/c32c1427-8f4b-44b9-9aae-829ab8f8f161.jpg',0,'N','2025-04-10 15:17:42',0),(17,2,22,'냠냠쥐','냠냠냠냠','fanart/17/image/30c2f589-b401-47c7-9c82-d012f27121f3.jpg',0,'N','2025-04-10 15:24:15',0),(18,2,22,'달리는 쥐','도망가는 주인공의 모습을 그려보았습니다.','fanart/18/image/ed6050ff-9052-46bf-b7ee-bdf625bf8eec.jpg',0,'N','2025-04-10 16:14:34',0),(19,2,22,'쥐와 USB','쥐와 USB','fanart/19/image/1e542024-1558-4177-9aff-2cce8119342c.jpg',0,'N','2025-04-10 16:19:07',0),(20,14,6,'날아라 드래곤','날아라아아아아-','fanart/20/image/f8aec89e-d43f-44af-b9cc-795e272d8182.jpg',0,'N','2025-04-10 16:32:56',0);
/*!40000 ALTER TABLE `fanart` ENABLE KEYS */;
UNLOCK TABLES;

--
-- Table structure for table `fanart_preference`
--

DROP TABLE IF EXISTS `fanart_preference`;
/*!40101 SET @saved_cs_client     = @@character_set_client */;
/*!50503 SET character_set_client = utf8mb4 */;
CREATE TABLE `fanart_preference` (
  `liked_id` int NOT NULL AUTO_INCREMENT,
  `fanart_id` int NOT NULL,
  `liked` varchar(1) DEFAULT NULL,
  `user_id` int NOT NULL,
  PRIMARY KEY (`liked_id`)
) ENGINE=InnoDB AUTO_INCREMENT=4 DEFAULT CHARSET=utf8mb4 COLLATE=utf8mb4_0900_ai_ci;
/*!40101 SET character_set_client = @saved_cs_client */;

--
-- Dumping data for table `fanart_preference`
--

LOCK TABLES `fanart_preference` WRITE;
/*!40000 ALTER TABLE `fanart_preference` DISABLE KEYS */;
INSERT INTO `fanart_preference` VALUES (1,1,'Y',1),(2,4,'Y',5),(3,2,'Y',2);
/*!40000 ALTER TABLE `fanart_preference` ENABLE KEYS */;
UNLOCK TABLES;

--
-- Table structure for table `favorite_webtoon`
--

DROP TABLE IF EXISTS `favorite_webtoon`;
/*!40101 SET @saved_cs_client     = @@character_set_client */;
/*!50503 SET character_set_client = utf8mb4 */;
CREATE TABLE `favorite_webtoon` (
  `user_id` int NOT NULL,
  `webtoon_id` int NOT NULL,
  PRIMARY KEY (`user_id`,`webtoon_id`)
) ENGINE=InnoDB DEFAULT CHARSET=utf8mb4 COLLATE=utf8mb4_0900_ai_ci;
/*!40101 SET character_set_client = @saved_cs_client */;

--
-- Dumping data for table `favorite_webtoon`
--

LOCK TABLES `favorite_webtoon` WRITE;
/*!40000 ALTER TABLE `favorite_webtoon` DISABLE KEYS */;
INSERT INTO `favorite_webtoon` VALUES (1,22),(2,5),(2,16),(5,5),(5,22),(12,22),(14,13);
/*!40000 ALTER TABLE `favorite_webtoon` ENABLE KEYS */;
UNLOCK TABLES;

--
-- Table structure for table `following`
--

DROP TABLE IF EXISTS `following`;
/*!40101 SET @saved_cs_client     = @@character_set_client */;
/*!50503 SET character_set_client = utf8mb4 */;
CREATE TABLE `following` (
  `follower_id` int NOT NULL,
  `followee_id` int NOT NULL,
  PRIMARY KEY (`follower_id`,`followee_id`)
) ENGINE=InnoDB DEFAULT CHARSET=utf8mb4 COLLATE=utf8mb4_0900_ai_ci;
/*!40101 SET character_set_client = @saved_cs_client */;

--
-- Dumping data for table `following`
--

LOCK TABLES `following` WRITE;
/*!40000 ALTER TABLE `following` DISABLE KEYS */;
INSERT INTO `following` VALUES (1,2),(2,1),(2,4),(2,6),(2,7),(4,1),(4,2),(4,18),(5,7),(7,13),(13,2),(13,5),(13,6),(13,7),(13,8),(13,11),(14,13),(18,2),(18,4);
/*!40000 ALTER TABLE `following` ENABLE KEYS */;
UNLOCK TABLES;

--
-- Table structure for table `goods`
--

DROP TABLE IF EXISTS `goods`;
/*!40101 SET @saved_cs_client     = @@character_set_client */;
/*!50503 SET character_set_client = utf8mb4 */;
CREATE TABLE `goods` (
  `goods_id` int NOT NULL AUTO_INCREMENT,
  `user_id` int NOT NULL,
  `webtoon_id` int NOT NULL,
  `goods_name` varchar(50) DEFAULT NULL,
  `description` varchar(255) DEFAULT NULL,
  `goods_image` varchar(255) DEFAULT NULL,
  `deleted` varchar(1) DEFAULT NULL,
  `created_at` timestamp NULL DEFAULT CURRENT_TIMESTAMP,
  PRIMARY KEY (`goods_id`)
) ENGINE=InnoDB AUTO_INCREMENT=12 DEFAULT CHARSET=utf8mb4 COLLATE=utf8mb4_0900_ai_ci;
/*!40101 SET character_set_client = @saved_cs_client */;

--
-- Dumping data for table `goods`
--

LOCK TABLES `goods` WRITE;
/*!40000 ALTER TABLE `goods` DISABLE KEYS */;
INSERT INTO `goods` VALUES (1,18,37,'태웅','\'0.01초의 결말\'의 주인공 태웅입니다.','goods/1/image/34065e20-699c-4c9b-a510-02dd66e24836.jpg','N','2025-04-10 03:15:24'),(2,18,37,'태웅의 좌절','태웅이 다른 환경에서 육상을 시작하면서 좌절하는 모습입니다.','goods/2/image/d40110f0-843a-439c-b060-aca262471a67.jpg','N','2025-04-10 03:21:48'),(3,7,22,'치노 기본 일러스트','치노의 기본 일러스트 입니다.\n호기심 많은 도시쥐 치노의 모험을 기대해주세요.','goods/3/image/d0c975aa-05e7-411c-bea6-8f0431ceec03.jpg','N','2025-04-10 09:54:33'),(4,7,22,'USB를 주운 치노','스토리의 가장 중요한 부분입니다.','goods/4/image/0caa2559-2cf1-468a-84a5-33137a1dde13.jpg','N','2025-04-10 09:55:47'),(5,7,22,'멋쟁이 치노','멋스럽게 차려입은 치노입니다.','goods/5/image/23152c16-0661-40c2-9c8e-6cbf32623d2e.jpg','N','2025-04-10 09:56:15'),(6,4,15,'작은 빛 -  촛불','\'오늘도 작은 빛\'의 작은 빛, 촛불입니다.','goods/6/image/8d08eb60-d5fe-4939-a277-9cbc166b01d3.jpg','N','2025-04-10 10:01:06'),(7,4,15,'작은 빛 - 별','\'오늘도 작은 빛\'의 두번째 작은 빛, 별입니다.','goods/7/image/22451bbc-c5c0-49d7-96aa-120a25c3e042.jpg','N','2025-04-10 10:02:23'),(8,18,38,'파스텔 구름','뭉게뭉게 파스텔 구르음-','goods/8/image/cdadc1c3-3153-421f-833d-4e9ce0e9048d.jpg','N','2025-04-10 10:07:01'),(9,2,23,'퇴마는 무서웡','퇴마사가 무서워하는 모습을 더 극적으로 그려보았습니다.','goods/9/image/15b21433-97d0-4b19-a69f-34f67c842a13.jpg','N','2025-04-10 10:19:18'),(10,16,36,'화분 속 반려식물','화분에서 자라는 몬스테라','goods/10/image/0696b748-0af9-4289-80f5-f9ffd24f1185.jpg','N','2025-04-10 10:22:53'),(11,16,36,'자연 속 반려식물','자연에서 자라는 몬스테라','goods/11/image/212ad387-b48e-4120-8049-ca3c000eaddf.jpg','N','2025-04-10 10:23:14');
/*!40000 ALTER TABLE `goods` ENABLE KEYS */;
UNLOCK TABLES;

--
-- Table structure for table `nft`
--

DROP TABLE IF EXISTS `nft`;
/*!40101 SET @saved_cs_client     = @@character_set_client */;
/*!50503 SET character_set_client = utf8mb4 */;
CREATE TABLE `nft` (
  `nft_id` int NOT NULL AUTO_INCREMENT,
  `webtoon_id` int NOT NULL,
  `token_id` int DEFAULT '0',
  `user_id` int NOT NULL,
  `type` varchar(50) DEFAULT NULL,
  `type_id` int NOT NULL COMMENT '타입 아이디값',
  `title` varchar(50) DEFAULT NULL,
  `contract_address` varchar(255) DEFAULT '0',
  `image_url` varchar(255) DEFAULT NULL,
  `metadata_uri` varchar(1024) DEFAULT NULL,
  `created_at` timestamp NULL DEFAULT CURRENT_TIMESTAMP,
  PRIMARY KEY (`nft_id`)
) ENGINE=InnoDB AUTO_INCREMENT=8 DEFAULT CHARSET=utf8mb4 COLLATE=utf8mb4_0900_ai_ci;
/*!40101 SET character_set_client = @saved_cs_client */;

--
-- Dumping data for table `nft`
--

LOCK TABLES `nft` WRITE;
/*!40000 ALTER TABLE `nft` DISABLE KEYS */;
INSERT INTO `nft` VALUES (1,38,2,17,'fanart',11,'물건 정리하는 주인공 NFT #1','0x22f4Ced20bceE951517Ca68dc4a123609aB55B94','https://gateway.pinata.cloud/ipfs/QmckHFQLZTRYbxVVqFRdobbaAqxCxNTc5TgCCWNXJGmiUj','https://gateway.pinata.cloud/ipfs/QmV7Sw7ddKxCgyi62sMdECmEJHkvMDfR8WJ8FypCDvg68y','2025-04-10 15:39:55'),(2,32,3,13,'episode',7,'1000원 짜리 김밥 NFT #1','0x22f4Ced20bceE951517Ca68dc4a123609aB55B94','https://gateway.pinata.cloud/ipfs/QmVaRQkHSApTqHBYSpgk4x1HGbWZn8WQzQVgW8Qbhk9iDA','https://gateway.pinata.cloud/ipfs/QmbuzMTAvgXfPux8RGHbmjafro8HHEnL4y32xNtjHTfSuL','2025-04-10 15:41:08'),(3,7,4,17,'fanart',2,'한복입은 계절이 NFT #1','0x22f4Ced20bceE951517Ca68dc4a123609aB55B94','https://gateway.pinata.cloud/ipfs/QmRXfT8L1FWPzrTufosUS9qLUBrJ7kwmodMdW4Sp2rGmAe','https://gateway.pinata.cloud/ipfs/QmZbdgFSv6ur2Q9JQvJznoeyz5GfJTyTXC9XgQMH5DbvE5','2025-04-10 15:49:27'),(4,7,5,17,'fanart',2,'한복입은 계절이 NFT #2','0x22f4Ced20bceE951517Ca68dc4a123609aB55B94','https://gateway.pinata.cloud/ipfs/QmRXfT8L1FWPzrTufosUS9qLUBrJ7kwmodMdW4Sp2rGmAe','https://gateway.pinata.cloud/ipfs/QmUA5YvPCerfhEPWDw8UgXK1auZxcP4WmNk56NdsppKuTh','2025-04-10 15:52:42'),(5,7,6,17,'fanart',2,'한복입은 계절이 NFT #3','0x22f4Ced20bceE951517Ca68dc4a123609aB55B94','https://gateway.pinata.cloud/ipfs/QmRXfT8L1FWPzrTufosUS9qLUBrJ7kwmodMdW4Sp2rGmAe','https://gateway.pinata.cloud/ipfs/QmZgnFpY98GcwM32wfc7j93vNapgLub4T59zxXhn4RSvkN','2025-04-10 15:58:44'),(6,32,7,13,'episode',7,'1000원 짜리 김밥 NFT #2','0x22f4Ced20bceE951517Ca68dc4a123609aB55B94','https://gateway.pinata.cloud/ipfs/QmVaRQkHSApTqHBYSpgk4x1HGbWZn8WQzQVgW8Qbhk9iDA','https://gateway.pinata.cloud/ipfs/QmRteHrYzvNzYiicNBYnXKogtjLdSTMiKP1FcDCY5nJteN','2025-04-10 16:00:42'),(7,7,8,17,'fanart',2,'한복입은 계절이 NFT #4','0x22f4Ced20bceE951517Ca68dc4a123609aB55B94','https://gateway.pinata.cloud/ipfs/QmRXfT8L1FWPzrTufosUS9qLUBrJ7kwmodMdW4Sp2rGmAe','https://gateway.pinata.cloud/ipfs/QmWeBwYkRS6Nz7bqUt4aPVv2ZZNu82zZJmK5zbzHVU7i5W','2025-04-10 17:00:18');
/*!40000 ALTER TABLE `nft` ENABLE KEYS */;
UNLOCK TABLES;

--
-- Table structure for table `notice`
--

DROP TABLE IF EXISTS `notice`;
/*!40101 SET @saved_cs_client     = @@character_set_client */;
/*!50503 SET character_set_client = utf8mb4 */;
CREATE TABLE `notice` (
  `notice_id` int NOT NULL AUTO_INCREMENT,
  `user_id` int NOT NULL,
  `type` varchar(50) DEFAULT NULL,
  `checked` varchar(1) DEFAULT NULL,
  `metadata` json DEFAULT NULL,
  `created_at` timestamp NULL DEFAULT CURRENT_TIMESTAMP,
  `deleted` varchar(1) DEFAULT NULL,
  PRIMARY KEY (`notice_id`)
) ENGINE=InnoDB AUTO_INCREMENT=21 DEFAULT CHARSET=utf8mb4 COLLATE=utf8mb4_0900_ai_ci;
/*!40101 SET character_set_client = @saved_cs_client */;

--
-- Dumping data for table `notice`
--

LOCK TABLES `notice` WRITE;
/*!40000 ALTER TABLE `notice` DISABLE KEYS */;
INSERT INTO `notice` VALUES (1,5,'NTC_BLOCKCHAIN_NETWORK_SUCCESS','Y','{\"message\": \"NFT 민팅이 성공적으로 완료되었습니다.\"}','2025-04-10 15:39:55','N'),(2,18,'NTC_SECONDARY_CREATION_NFT_MINT','N','{\"fanartId\": 11}','2025-04-10 15:39:55','N'),(3,13,'NTC_BLOCKCHAIN_NETWORK_SUCCESS','N','{\"message\": \"NFT 민팅이 성공적으로 완료되었습니다.\"}','2025-04-10 15:41:08','N'),(4,5,'NTC_BLOCKCHAIN_NETWORK_SUCCESS','Y','{\"message\": \"NFT 판매 등록이 성공적으로 처리되었습니다\"}','2025-04-10 15:41:08','N'),(5,13,'NTC_BLOCKCHAIN_NETWORK_SUCCESS','N','{\"message\": \"NFT 판매 등록이 성공적으로 처리되었습니다\"}','2025-04-10 15:43:05','N'),(6,17,'NTC_BLOCKCHAIN_NETWORK_SUCCESS','N','{\"message\": \"NFT 민팅이 성공적으로 완료되었습니다.\"}','2025-04-10 15:49:27','N'),(7,17,'NTC_BLOCKCHAIN_NETWORK_SUCCESS','N','{\"message\": \"NFT 민팅이 성공적으로 완료되었습니다.\"}','2025-04-10 15:52:42','N'),(8,17,'NTC_BLOCKCHAIN_NETWORK_SUCCESS','N','{\"message\": \"NFT 민팅이 성공적으로 완료되었습니다.\"}','2025-04-10 15:58:44','N'),(9,13,'NTC_BLOCKCHAIN_NETWORK_SUCCESS','N','{\"message\": \"NFT 민팅이 성공적으로 완료되었습니다.\"}','2025-04-10 16:00:43','N'),(10,23,'NTC_BLOCKCHAIN_NETWORK_SUCCESS','N','{\"message\": \"지갑 생성 성공\"}','2025-04-10 16:06:21','N'),(13,17,'NTC_NFT_PURCHASE','N','{\"nftId\": 1, \"tradingValue\": 0.2}','2025-04-10 16:25:32','N'),(14,5,'NTC_NFT_SOLD','N','{\"nftId\": 1, \"revenue\": 0.2, \"tradingValue\": 0.2}','2025-04-10 16:25:32','N'),(15,1,'NTC_BLOCKCHAIN_NETWORK_SUCCESS','N','{\"message\": \"NFT 판매 등록 성공.\"}','2025-04-10 16:26:34','N'),(16,6,'NTC_SECONDARY_CREATION','N','{\"fanartId\": 20, \"webtoonId\": 6, \"secondWriterId\": 14}','2025-04-10 16:32:57','N'),(17,7,'NTC_BLOCKCHAIN_NETWORK_FAIL','Y','{\"message\": \"NFT 민팅 실패하였습니다. 관리자에게 문의해주세요 \"}','2025-04-10 16:40:55','N'),(18,7,'NTC_BLOCKCHAIN_NETWORK_FAIL','Y','{\"message\": \"NFT 민팅 실패하였습니다. 관리자에게 문의해주세요 \"}','2025-04-10 16:40:59','N'),(19,7,'NTC_BLOCKCHAIN_NETWORK_FAIL','Y','{\"message\": \"NFT 민팅 실패하였습니다. 관리자에게 문의해주세요 \"}','2025-04-10 16:41:07','N'),(20,17,'NTC_BLOCKCHAIN_NETWORK_SUCCESS','N','{\"message\": \"NFT 민팅이 성공적으로 완료되었습니다.\"}','2025-04-10 17:00:18','N');
/*!40000 ALTER TABLE `notice` ENABLE KEYS */;
UNLOCK TABLES;

--
-- Table structure for table `rating`
--

DROP TABLE IF EXISTS `rating`;
/*!40101 SET @saved_cs_client     = @@character_set_client */;
/*!50503 SET character_set_client = utf8mb4 */;
CREATE TABLE `rating` (
  `episode_id` int NOT NULL,
  `user_id` int NOT NULL,
  `rating` int DEFAULT NULL,
  PRIMARY KEY (`episode_id`,`user_id`)
) ENGINE=InnoDB DEFAULT CHARSET=utf8mb4 COLLATE=utf8mb4_0900_ai_ci;
/*!40101 SET character_set_client = @saved_cs_client */;

--
-- Dumping data for table `rating`
--

LOCK TABLES `rating` WRITE;
/*!40000 ALTER TABLE `rating` DISABLE KEYS */;
INSERT INTO `rating` VALUES (1,6,10),(4,1,10),(4,5,9),(4,21,6),(5,2,10),(5,7,9),(6,12,10);
/*!40000 ALTER TABLE `rating` ENABLE KEYS */;
UNLOCK TABLES;

--
-- Table structure for table `tag`
--

DROP TABLE IF EXISTS `tag`;
/*!40101 SET @saved_cs_client     = @@character_set_client */;
/*!50503 SET character_set_client = utf8mb4 */;
CREATE TABLE `tag` (
  `webtoon_id` int NOT NULL,
  `tag` varchar(255) NOT NULL,
  PRIMARY KEY (`webtoon_id`,`tag`)
) ENGINE=InnoDB DEFAULT CHARSET=utf8mb4 COLLATE=utf8mb4_0900_ai_ci;
/*!40101 SET character_set_client = @saved_cs_client */;

--
-- Dumping data for table `tag`
--

LOCK TABLES `tag` WRITE;
/*!40000 ALTER TABLE `tag` DISABLE KEYS */;
INSERT INTO `tag` VALUES (1,'무협'),(1,'복수'),(1,'암살'),(2,'따뜻함'),(2,'힐링'),(3,'시골'),(3,'회상'),(4,'오피스'),(4,'코미디'),(5,'개발자'),(5,'일상'),(5,'취준생'),(6,'오피스'),(6,'판타지'),(7,'로맨스'),(7,'멜로'),(7,'시골'),(7,'시골소녀'),(8,'궁중'),(8,'복수'),(8,'조선 말기'),(9,'배구'),(9,'성장'),(10,'전국 대회'),(10,'탁구'),(11,'대항'),(11,'진실'),(12,'기억 조작'),(12,'실험체'),(13,'도깨비'),(13,'판타지'),(14,'기억의 꽃'),(15,'바리스타'),(15,'사랑'),(15,'위로'),(15,'카페'),(16,'기억'),(16,'달'),(16,'대화'),(16,'도서관'),(16,'밤'),(17,'댓글'),(17,'살인'),(17,'온라인'),(17,'익명'),(17,'추리'),(17,'힌트'),(18,'공포'),(18,'철학'),(19,'미쉐린'),(19,'요리'),(20,'고시원'),(20,'기록'),(20,'범죄'),(20,'일지'),(21,'30대'),(21,'재취업'),(21,'직장인'),(21,'치유'),(21,'퇴사'),(22,'모험'),(22,'생쥐'),(23,'귀신'),(23,'알바'),(23,'월세'),(23,'자취'),(23,'퇴마'),(24,'SNS'),(24,'단서'),(24,'실종'),(24,'추리'),(24,'피드'),(25,'무협'),(25,'복수'),(25,'형제'),(26,'로맨스'),(26,'무협'),(26,'찻집'),(27,'로맨스'),(27,'무협'),(27,'자객'),(27,'찻집'),(28,'액션'),(28,'학교'),(29,'계절'),(29,'비밀'),(29,'서랍'),(29,'여름'),(29,'이야기'),(30,'날씨'),(30,'비'),(30,'삶'),(30,'우산'),(30,'위로'),(31,'관계'),(31,'순간'),(31,'인연'),(31,'일상'),(32,'가족'),(32,'감동'),(33,'공포'),(33,'루프물'),(33,'밀실공포'),(33,'방탈출'),(34,'기억'),(34,'기억상실증'),(34,'사랑'),(35,'첫사랑'),(35,'편지'),(36,'반려식물'),(36,'사랑'),(36,'상처'),(36,'식물'),(36,'치유'),(37,'국가대표'),(37,'달리기'),(37,'실격'),(37,'운동'),(37,'육상'),(38,'구름'),(38,'아르바이트'),(38,'용기'),(38,'위로'),(38,'편의점'),(38,'힐링'),(39,'변화'),(39,'에세이'),(39,'창문'),(40,'신'),(40,'심장');
/*!40000 ALTER TABLE `tag` ENABLE KEYS */;
UNLOCK TABLES;

--
-- Table structure for table `trading_history`
--

DROP TABLE IF EXISTS `trading_history`;
/*!40101 SET @saved_cs_client     = @@character_set_client */;
/*!50503 SET character_set_client = utf8mb4 */;
CREATE TABLE `trading_history` (
  `trading_history_id` int NOT NULL AUTO_INCREMENT,
  `auction_item_id` int NOT NULL,
  `nft_id` int NOT NULL,
  `buyer_id` int NOT NULL,
  `seller_id` int NOT NULL,
  `trading_value` double DEFAULT NULL,
  `trading_date` varchar(10) DEFAULT NULL,
  `trading_time` varchar(8) DEFAULT NULL,
  `created_at` timestamp NULL DEFAULT CURRENT_TIMESTAMP,
  PRIMARY KEY (`trading_history_id`)
) ENGINE=InnoDB AUTO_INCREMENT=2 DEFAULT CHARSET=utf8mb4 COLLATE=utf8mb4_0900_ai_ci;
/*!40101 SET character_set_client = @saved_cs_client */;

--
-- Dumping data for table `trading_history`
--

LOCK TABLES `trading_history` WRITE;
/*!40000 ALTER TABLE `trading_history` DISABLE KEYS */;
INSERT INTO `trading_history` VALUES (1,1,1,17,5,0.2,'2025-04-10','16:25:31','2025-04-10 16:25:32');
/*!40000 ALTER TABLE `trading_history` ENABLE KEYS */;
UNLOCK TABLES;

--
-- Table structure for table `user`
--

DROP TABLE IF EXISTS `user`;
/*!40101 SET @saved_cs_client     = @@character_set_client */;
/*!50503 SET character_set_client = utf8mb4 */;
CREATE TABLE `user` (
  `user_id` int NOT NULL AUTO_INCREMENT,
  `email` varchar(50) DEFAULT NULL,
  `nickname` varchar(20) DEFAULT NULL,
  `introduction` varchar(255) DEFAULT NULL,
  `profile_image` varchar(255) DEFAULT NULL,
  `background_image` varchar(255) DEFAULT NULL,
  `follower` int DEFAULT NULL,
  `following` int DEFAULT NULL,
  `url` varchar(255) DEFAULT NULL,
  `join_date` varchar(10) DEFAULT NULL,
  `sso_type` varchar(50) DEFAULT NULL COMMENT '소셜 로그인 타입',
  `deleted` varchar(1) DEFAULT NULL,
  `created_at` timestamp NULL DEFAULT CURRENT_TIMESTAMP,
  `status` varchar(1) DEFAULT NULL,
  PRIMARY KEY (`user_id`)
) ENGINE=InnoDB AUTO_INCREMENT=24 DEFAULT CHARSET=utf8mb4 COLLATE=utf8mb4_0900_ai_ci;
/*!40101 SET character_set_client = @saved_cs_client */;

--
-- Dumping data for table `user`
--

LOCK TABLES `user` WRITE;
/*!40000 ALTER TABLE `user` DISABLE KEYS */;
INSERT INTO `user` VALUES (1,'wdse123@naver.com','허상운','','','',2,1,'','2025-04-09','SSAFY','N','2025-04-09 09:56:18','Y'),(2,'ruddms1522@naver.com','갱갱갱','싸피 12기 김경은입니다.','user/2/profile/b578d421-f5dd-4988-a271-2cda13c7ac35.jpg','user/2/background/c50bb10c-3af4-4d8d-9c1a-8e478d82b340.png',4,4,'https://github.com/KyeongzowD','2025-04-09','SSAFY','N','2025-04-09 09:57:14','Y'),(3,'kdhehsl@gmail.com','언네임싫어','','','',0,0,'','2025-04-09','SSAFY','N','2025-04-09 10:03:34','Y'),(4,'ruddms1522@gmail.com','조숙희','반갑습니다','user/4/profile/67738541-ec7e-4587-aa0e-e9627029d7b5.jpg','',2,3,'','2025-04-09','CHAINTOON','N','2025-04-09 10:08:24','Y'),(5,'kleo45687@gmail.com','훈갸로','잘부탁드립니다.','user/5/profile/60324a71-d818-43c0-8d3d-318b2b15038a.jpg','',1,1,'','2025-04-09','CHAINTOON','N','2025-04-09 10:12:22','Y'),(6,'wdse6213@gmail.com','811','','','',2,0,'','2025-04-09','CHAINTOON','N','2025-04-09 10:35:42','Y'),(7,'rkl45687@gmail.com','크림조아','잘부탁드립니다.','user/7/profile/1e2da797-2061-49e1-b1d0-40d2b3ed6810.jpg','user/7/background/dc27d582-08e8-4fd0-b077-aac61c3e1cab.webp',3,1,'','2025-04-09','SSAFY','N','2025-04-09 10:41:16','Y'),(8,'kjgd123@naver.com','김뚀니','','','',1,0,'','2025-04-09','CHAINTOON','N','2025-04-09 10:46:11','Y'),(9,'','여우지갑','','','',0,0,'','2025-04-09','METAMASK','N','2025-04-09 01:46:34','Y'),(10,'','멧마','','','',0,0,'','2025-04-09','METAMASK','N','2025-04-09 02:05:01','Y'),(11,'wdse123@dongguk.edu','컨시그','','','',1,0,'','2025-04-09','CHAINTOON','N','2025-04-09 11:16:11','Y'),(12,'rkl456@naver.com','낭만협객','','','',0,0,'','2025-04-09','CHAINTOON','N','2025-04-09 13:13:29','Y'),(13,'rlatlsdn1125@gmail.com','김신우','안녕하세요','user/13/profile/5de6ce74-1ca7-4dfa-96c4-938a42ef1e00.jpg','user/13/background/a280da1e-4dfc-4ccd-9e78-fd300c834ec2.png',2,6,'https://www.instagram.com/god_whoooo/','2025-04-09','CHAINTOON','N','2025-04-09 13:52:24','Y'),(14,'','coco','remember me','','',0,1,'','2025-04-09','METAMASK','N','2025-04-09 05:37:12','Y'),(15,'kdhehsl@jbnu.ac.kr','CHAINTOON445135','','','',0,0,'','2025-04-09','CHAINTOON','N','2025-04-09 20:59:05','Y'),(16,'ruddms1522+2025@gmail.com','25','재미지게 감상하시고, 팬아트 등록 부탁드립니다!','user/16/profile/7e773a80-82b8-42c2-8f09-05582cedb788.JPG','user/16/background/20b67b5c-02a6-4dff-9ca3-4a45d50e1a51.JPG',0,0,'','2025-04-10','CHAINTOON','N','2025-04-10 02:01:18','Y'),(17,'','Metamask868819','','','',0,0,'','2025-04-09','METAMASK','N','2025-04-09 17:13:15','Y'),(18,'ruddms1522+1@gmail.com','생강사오지마세요','생강 좋아합니다','user/18/profile/4d891a0f-968f-41dc-9e9c-14a2b9589368.png','',1,2,'','2025-04-10','CHAINTOON','N','2025-04-10 02:14:08','Y'),(19,'','Metamask9231','','','',0,0,'','2025-04-10','METAMASK','N','2025-04-10 01:02:05','Y'),(21,'soyeon3589@naver.com','SSAFY194772','','','',0,0,'','2025-04-10','SSAFY','N','2025-04-10 12:12:51','Y'),(22,'cavalier7@naver.com','CHAINTOON641933','','','user/22/background/6d3a006e-4d64-4807-85be-583ee6e128c3.png',0,0,'','2025-04-10','CHAINTOON','N','2025-04-10 14:05:23','Y'),(23,'test@gmail.com','CHAINTOON242006','','','',0,0,'','2025-04-10','CHAINTOON','N','2025-04-10 16:05:57','Y');
/*!40000 ALTER TABLE `user` ENABLE KEYS */;
UNLOCK TABLES;

--
-- Table structure for table `wallet`
--

DROP TABLE IF EXISTS `wallet`;
/*!40101 SET @saved_cs_client     = @@character_set_client */;
/*!50503 SET character_set_client = utf8mb4 */;
CREATE TABLE `wallet` (
  `wallet_id` int NOT NULL AUTO_INCREMENT,
  `user_id` int DEFAULT NULL COMMENT '유저 아이디값',
  `wallet_address` char(42) DEFAULT NULL,
  `private_key` varchar(255) DEFAULT NULL,
  `public_key` varchar(255) DEFAULT NULL,
  `recovery_phrase` varchar(255) DEFAULT NULL,
  `created_at` timestamp NULL DEFAULT CURRENT_TIMESTAMP,
  PRIMARY KEY (`wallet_id`)
) ENGINE=InnoDB AUTO_INCREMENT=24 DEFAULT CHARSET=utf8mb4 COLLATE=utf8mb4_0900_ai_ci;
/*!40101 SET character_set_client = @saved_cs_client */;

--
-- Dumping data for table `wallet`
--

LOCK TABLES `wallet` WRITE;
/*!40000 ALTER TABLE `wallet` DISABLE KEYS */;
INSERT INTO `wallet` VALUES (1,1,'0x3bD377945DA4fD03E6487ffA39F463864a242e5D','89f767d43d69ff70f140f75af8bd6776:cab96085a8e1ed27daa0516e03006c389d0247c8576ad31198b1a4ac50fd58f940f8627cdddfd1cabd1980d4b34e387c30c06a4f419839bc3ad190758c1dc7f8bb53716eadc92676454aeb71e9b819ce','0x034e2c45bd4f5c2527ca3796bb481ef0e832cc34d82332124f214ca321e36da081','f841ccb2eb4ddd84b14fd2394928567f:2bffd12e8a1fc9999ecdffbf67e1434987c36b7689172c6ce780a0fa3b7aac898d51ccf7f39768f01aaeecdbda19d79d11019dc03edca3a2cc805ee6a5d22d01b96ac09a5aa8de18d0a49c1a0fc70792','2025-04-09 10:22:33'),(2,2,'0xc2bd6d2a531D532a80210abC3093494315156a29','3f97b7cb6bc1b809b837e4d524774722:286433125409c6a00ba958187adddc4937c48537fd9bc55534e46a863a59b306afda04bada49c2ef616b0d89fb497ebd0a94cd691239aec99819af19b5de77d23639455dca1b3114bb04d21ff4fd2d6d','0x03115ba66cdb7d27cf19541dd811a42e695849829fb8e3e34de255cb8ae0022eec','9933e8b75829055d80eee3828d3548d4:7e2a3a15e6e4da1537ce8ad6bfd30288b1c4bc25d823df4be16ff6f2d442eb633776d8d339168f1b15319dbea7a7cee76118340a2ad04ff32bf5f9eddda0aa99adcd3c58fedf1ebdf9b7439e653aa5ed','2025-04-09 10:23:01'),(3,3,'0x9bA1a733E2963a863C2bFA1f2Bc7E91cCA5556E9','a6a59879687dc9b5f8ee88177614ddc5:926ecf50d4fb47c06a15c4c3b70bbb9afcc883c8796c8d02845075d9b4754e87964149cc59dcf701e9a5b6fcb2001f65c532b8d5a23de74295fe935c2a6a8f7152b1f662e6da69158c47c9698297003b','0x03fb279fd70e3e522858c8bf708e235df69505bb09f12157c0ba19835f8284fa7c','7cba2b3f7824068e4b40a1e3aef09edc:c70a10c2723850f956af2ac819070bd6213e25b29551bd08499326accf94de9d66c8e877014d1171cccd0ba51efc21db85510743c38013842b451519eafc9d1be9fc054518accdcde9b42047a8c4ad23','2025-04-09 10:23:41'),(4,4,'0xc1004Bc9B999aaD65B28F32870e365F327814C02','9a22c0b8873d64604c364d60a1069258:09aa190ebf18ee29a7edefb9e0e74abbc76daebf6226efb8acfa99c517e9d7ed7a1f14e5ff537ed63b0197efecf907d64ed932e7fb5ceb0da12bc1c16d2e8cde1bcc9eee825da0232ebce489f8a44f5f','0x03fd21b70126c6a7a3e9a1337360aa77555c93aba09e4622e2ccf75db051c1169b','98b399c4ea011bfec4b5776354df7661:e32b2e4357133cc745d9a8e8a2a5ec290555e09f9942c3af935a461907e7631ee3786105d1d59e4d64cbd1f884b4ddf0916ff2bd6c7da642c60325bdf1bb0223370e40e373085222dde4ba78195b9d99','2025-04-09 10:08:24'),(5,5,'0x6ee4dd7f9d91C947517fbbcf21012c30a930cC7E','86acf44093275eb5542276bc76ddac12:eafcce9732fde63ca3a6a6ccbaf06f1cef21a328428875d71101d79a8307315ea0c6615b197ff61020e5b9c3e45248f1ac367e0b762bb390f3f76e524694a98cc863542ec23e7e20fd66981e2d705511','0x022d3a0e85296f9460d0b6bcdd4a06e1d75315cad963d3e8b7fa17d1588afd6b0b','cdb87293cbbf69ab1968e8862831192b:142ca71640e5faef7e1cb8471e6c18eb7893f79571a92a73824796a166f9cd34b5e46f95e4b6ac29d83d989b1a2ad36240bbb2be0d03e074b04cf7c40517af9dd2b3d8884c9da926fc340cda9fae7e6d','2025-04-09 10:12:22'),(6,6,'0x78c568e5205cB2Ca82Ad99C5ddCd42C4e7f68Ef9','5565f5bcfe7a3082d9452dedaa4287fa:754977da3baf733c0da80ee6783ff6e7c74ef82509f716aa5fbb5470b6638ceac95159e7f0ada04f5a4b57bf16776c9e6f874b41501ab364704ca1d5d4aa39058672257188ce8cec541fa9a19d9f7594','0x02e71da7917cf34e7f022d713fbaedfe1d0370992c28ed4c591d4f39b568aa73f4','264956de57338f69f52a175feb56b533:7fbbda5725b50c57b78db217d9b868f0bb3f51b522133332cfe93500b6617cb4d91b657307c62595643bfdf3ce3d93ce9d7805b03d51ee2ebad8298ace0480b2764797a28f909229ff1ffc89c184baee','2025-04-09 10:35:42'),(7,7,'0x578c4E91697B51F31852696ad3f642525CA3C3dB','03fd7d75cea112532f4228faea81249f:9dd3133412dbf8cd1cdc63107f9fc4549fca018004fae13d8797644edcfc3d0b5e250959bc78cdc559cd85851be70965401aa71940b34fdd2030a26961166de50ba346f815846859daaefb5e3e30d63d','0x02f052e916224d2d6bf22fff945df3bb38fd02fdf1c94aafe07fd519ac6ff46859','480bfb4e39c17bd91016727055c8664e:644c1816be092ee0aa25668880cea79d9a56242572460bdf28eadae1c3d3ccf3c10b2d4ea5bdc16b5d8db0d1241a0e095729d916bea448d253b2117c1444c822e46bda03d51ccd7b07844c520611fba9','2025-04-09 10:41:16'),(8,8,'0xfF79901d0626CA1e78E7A5745C0BBd5B2c82BA46','b40c8df1a956bf01ad55b274e533a066:2d4bf254270a2c5308a5d33b5543d654bd5061e2825f2d7252c0121a2e5003da59ede78174cd8e0fe7a69955a6aef58250d0ea6e01b751cb457f81c62419c62d4692e9b57c744e428ea5b64faa77514b','0x028cf068081c9c9c85b28afa80760f6f0db23117d42e1659c89004f9a7fc290f1c','3eb81f30fd1cf9248b0f6665e6bb780f:29ad651969f847adf3b66c6763f85f734dc6918833a144e376e61d10d7e77e2e46c460c70f986a2372559add2089765d6ab31a012b946157daf9d356337233fb2a46c90bf7081a1bc617d8b159a345c3','2025-04-09 10:46:11'),(9,9,'0x2b652761736763f537f372a6a947000424970c48','','','','2025-04-09 10:46:35'),(10,10,'0x66dc1203143220437c99cd154dc0001cc6626d59','','','','2025-04-09 11:05:01'),(11,11,'0xf1e34bfad2844Da3E7206a504E1c792409631E15','fdf53d5ce52787ab0ff2f44f99ad3f5d:1d82731b25c14b906cb2acc5772eaba0606dffe1de79e4007c6ee4a4ea025b8de573a38fbd18f75b1436028166fe6b09cfb1d6d5deb827f798174ef5f42a1ae972ae9993e1aa3c6cedb4cd36fc43211b','0x034dc9a9f2ab6ad94d5523f79aee3d4dc5207dba8d649c29c4364bc89bd9045a3f','e652e1261b396da88599d38ed716db64:a68a55b7e2a25910e04a960352dcf1e84c1b52251d196743aad7fff336b22c0fe23a21c1ee7ecae777ee5894af9f1f891be2d78c04e624fdcd9cfcf84a117848fd0ca8f560164826f1f5c47cc08d73c6','2025-04-09 11:16:11'),(12,12,'0x95326caA6426BA46299246A116D90Ef7A1B86275','2a7f7c2cbda6d15156cf5ff64825b088:32d815bca36af189cdd1f8579e98b50f0aa1051013faeb6e9570c70b1587fc76b0a76190db89768517de038e1c109028855eef2a4af5ab620ab5e68eaa51777297e3077eb31e2193febd3c4d5d1e53ce','0x037c97776effe132f30f88668a9b2783a51f0b06949ec6d3cc6dbf81166a581a03','ffbaca40b6483f2cf77b2dfe450e2a21:185b25e6e0ea3f9308673802fd33c61405d48425401c3eb1e37ce8e5ae0687d7fab77629522650f0eac067ae6fb5194626a39518ab850d19d60ba24cc4877a28cf22cc49c2aee32befdfcc3a5e21a04b','2025-04-09 13:13:29'),(13,13,'0x4b7FeF23923c7F4E9b8b6e5f4F196359EE2f6A98','df786cc6be4070d4029b7c5fcd87c143:48fb1097adffa986dedbdd91c0622cd6b66e1e8e48567d808cb4de1fed5abdc76cf904a38b31e14413daaea8ad73c7fe59cf2965680e2721ba58b4c1620e4eadf437cae71e0f91a03baca09f8ead0648','0x028fa408939558cab723b43d1ab23721d2e486f377f132328fd3b5011928bbdcd9','4cb7d96a7b3919cc51a5b8ebc95007ad:0141961bd1baccba3d603ce0e7b28015973c656f365416cbbc4bf6c5442b8e912161add6774dfe8f3a3acfd639fc22da6e007bd2e071e7a4ba2287a1193477eb13b75da83bd5b3d0e2157e0d93d80b97','2025-04-09 13:52:24'),(14,14,'0xa868f2ec9d0ff0535cbcc610811e8e2f0082e927','','','','2025-04-09 14:37:13'),(15,15,'0xFf812B44D3ffC53b637114da3FB78048d48F0739','cb7d042683cf0394c89a8fd5be3e481b:558b13a618205807344e6403027a46532a9a1850647535a93ce1ad253d8da24ef52849b06237c72d94fd1f2c7cd4a7a47f3c46f8a5e59ed6b1d44065db53980dc9752a9d124cd3ad43cf70260754104f','0x02be873839751c8f8e8c789594a5b6cc45f307f284d7cdfd6b72c16db21fa049d9','298667de4a2864c854c5a8c6c5691df8:7b8585202c6b517b806403ff9756c52f296695a19fb3b231e2639ed2de6c46e7e9c925ed90b0df343d45e4bb90ef84b2c23968b1975a14cdd2f85f15b6a72605e1bad4a464641b3e5eadd9bededa5d67','2025-04-09 20:59:05'),(16,16,'0xd341d6E2EBAB947C9cEeE0575CD18A728531d250','003ecd5af12d26ede9e8bffc697b76c7:daed5ff1fd722b5407322a557793cb864539f71eefbe4213e40a9b15c1a7b334ef212db502b371585990d357add153ee59e7d183f334feafda9387dc0efa2bf49e0e4160eda51101739c6e37802023a9','0x02b286a9a514c36764fd32490edcaf4326b8ade7a44468dad3aca4ef93831dacd1','0b3593544756c5d24f8cd9b786f60ee3:1e43221b947dc818a88f53be51a0354604d8c25192c7b6785537e14a9078062ff6506d0602b528b1cb06acd5e367ce7bf811f7c82bf2a651098f2a705aa8000079e104dbc6588503e8fbe2e153852e02','2025-04-10 02:01:18'),(17,17,'0xd87e38a525556e0ec28bd6565ab895a961daf128','','','','2025-04-10 02:13:16'),(18,18,'0xa659133568D83516bB9DaD38b31bf1350eCe6DbD','322f231db2d48cc30d2905acd1d4ec87:c20b7517d6a0e6b983c66a5ca89233cbbeabdd4660cecf93ebd07b95beac3ec218d767d2bd834b5dcf393191832ea8c7ad3c028569560d922dea30b45f4e7eda49f80c93cc4a02db97d8bc03d606fa44','0x02793b58c63a64dd159b5a40655a44a747f9e26b2b5e3c1f90a630d6ee66781531','bd3a0d11360cc7fe30b58349377b08eb:38407ed8fbb3a399a70f107991d1f28abe14e0283330f090f1e8afef20cda54dccce2a0163cbfa8d4e650c4185c0880b13d5ef9dd6666da220612ba995b04ebef378b290f476b0490e9670de835f9814','2025-04-10 02:14:08'),(19,19,'0x66b0958505ac3c6f944d7bfb72f78793d1fc7e4e','','','','2025-04-10 10:02:05'),(21,21,'0xc5aEd658D2596968C11b62Ca722e3cCf51F72efD','86b9ba011bdbcc9527fcec33520bcd8d:20c35d089ef98e13ffbf67a2ac8ea2c420d022c203c718c58f0142e91bc9820315a4fb9d5f62a4a08c8dd7dac0a114ca72e608e03e72a02055d8ec0d320ab94ab05685fe81582e547ec5214f601ab161','0x03d786ab6d4d8383797d6cde6970dfe9f1cbf4fc2a61a223b0effa7b877d78b2f6','7a44e381816234d569ae596186465de0:5c29042871335657e875ef84226926abda47d12892dbdb246468744429fef46f435ccaa28c427f880061bda0301f4750d7b8f0025a62b2dcac66297ec326f7e5bec435564f35ad18f74c992e6df35ec7dd3be250e267316fb8bdce0498539476','2025-04-10 12:12:51'),(22,22,'0xbDf2CD2C1341256c655FE8a2c48c7B994a2747a2','6edc73477a1f514662ca4af428281016:c34699eb52390b15f025145df1f861391c850a1a78dd7bf4eb73c904a6aac5577415774fabdb6b219369b0cc53b9dae31d9d78bb60b24b310fe63d1013b035a135245d9b5e7f12fc41dc3717f430db26','0x03cc816181c8a206894db60f2b235730cd7c436f2c9fabc138f91b370865756e3f','133cbb29a9b46b81e70cc4560aceb4bc:82eb00f9763a3a69ec19d1d8f7fd92c2c341b8b8876964b049432c790e7402a393955364aceebe5bdb1692247a1580e2aa460d644e0a4f4bdf8533ae2a14b0f37f7b5f27de6b6662b7eb5f808ccc84eb','2025-04-10 14:05:24'),(23,23,'0x555603A5286BADCE48036Af93c589137F729617C','8aeb8c487a1100787688cf9152926a54:5bcff9ea0c1fc2b2baf3f21e51b2b58ea5fd3e5e0d83ac20cec1ea4171397a0b566527c7fe7870d37dad9a4cc4519c52f788a45717ee2e667ee7f6c620e080c15363319090bd2de20be36acbf5d6118b','0x0255cd864a2135ca6419458812e339db21a8d07b917782f62c0b219dcd234768b8','f3ef7e718b51ef5308742f10fbcb4e70:cf28abb37fe588f8fd3524329f5d2ff2da52ac57cc6e6235ad0102810027395f5569518a6ae62481cd5081792ef1abb3957f463565052b46070f7bf830c7eb1a50e189052162794f40f3d0826a9dbfa534bf8dc50f780c7b87f8a6603001f28c','2025-04-10 16:05:57');
/*!40000 ALTER TABLE `wallet` ENABLE KEYS */;
UNLOCK TABLES;

--
-- Table structure for table `webtoon`
--

DROP TABLE IF EXISTS `webtoon`;
/*!40101 SET @saved_cs_client     = @@character_set_client */;
/*!50503 SET character_set_client = utf8mb4 */;
CREATE TABLE `webtoon` (
  `webtoon_id` int NOT NULL AUTO_INCREMENT,
  `user_id` int NOT NULL,
  `webtoon_name` varchar(50) DEFAULT NULL,
  `genre` varchar(10) DEFAULT NULL,
  `summary` varchar(500) DEFAULT NULL,
  `adaptable` varchar(1) DEFAULT NULL,
  `garo_thumbnail` varchar(255) DEFAULT NULL,
  `sero_thumbnail` varchar(255) DEFAULT NULL,
  `last_upload_date` varchar(10) DEFAULT NULL,
  `episode_count` bigint DEFAULT NULL,
  `view_count` bigint DEFAULT NULL,
  `rating_sum` bigint DEFAULT NULL,
  `rating_count` bigint DEFAULT NULL,
  `favorite_count` int DEFAULT NULL COMMENT '웹툰 즐겨찾기 수',
  `deleted` varchar(1) DEFAULT NULL,
  `created_at` timestamp NULL DEFAULT CURRENT_TIMESTAMP,
  PRIMARY KEY (`webtoon_id`)
) ENGINE=InnoDB AUTO_INCREMENT=41 DEFAULT CHARSET=utf8mb4 COLLATE=utf8mb4_0900_ai_ci;
/*!40101 SET character_set_client = @saved_cs_client */;

--
-- Dumping data for table `webtoon`
--

LOCK TABLES `webtoon` WRITE;
/*!40000 ALTER TABLE `webtoon` DISABLE KEYS */;
INSERT INTO `webtoon` VALUES (1,5,'붉은 매화의 밤','무협/사극','매화꽃이 피는 날, 가족을 몰살당한 소녀가 궁녀로 들어간다.\n하지만 그녀의 정체는, 암살조직의 ‘복수의 칼’이었다.','Y','webtoon/1/garoThumbnail/7fa9d12c-6dca-4b44-8785-52770eb63367.jpg','webtoon/1/seroThumbnail/f71a6124-0073-4611-8c49-60abad601df3.jpg','',0,0,0,0,0,'N','2025-04-09 10:21:46'),(2,1,'마음 한 켠','감성','조용한 골목에 숨은 작은 중고책방.\n책방지기 ‘지안’은 책을 통해\n사람들의 잊고 있던 마음 한 칸을 마주하게 한다.\n\n말 없는 위로,\n그리고 마음을 다시 써내려가는 이야기','Y','webtoon/2/garoThumbnail/245d1da2-abad-4620-b6ab-71465b6d2952.png','webtoon/2/seroThumbnail/0c6e3cf0-458a-407b-8f39-cd9dcb7e5858.png','',0,0,0,0,0,'N','2025-04-09 10:28:51'),(3,1,'잠깐 멈춘 날들','감성','일이 멈추고, 사람도 멈춘 어느 날 시골 마을로 내려온 ‘지후’.\n\n빗소리와 따뜻한 찻집 속, 잠깐 멈춘 시간 속에서 그는 잊고 있던 자신의 마음을 다시 마주하게 된다.','Y','webtoon/3/garoThumbnail/143c99e1-3172-4614-bf4d-b917ba549286.png','webtoon/3/seroThumbnail/8e076a17-eafa-4351-94ef-313b60eb43a5.png','',0,0,0,0,0,'N','2025-04-09 10:34:04'),(4,6,'마왕의 회사 생활','개그','세상을 지배하려다 현실 자본주의에 무릎 꿇고 중소기업 취업한 마왕님의 오피스 코미디','Y','webtoon/4/garoThumbnail/3c1239f9-ea27-4cc4-bf6a-2c51e5178e87.png','webtoon/4/seroThumbnail/845ba730-0f76-41af-bc05-e283694f2591.png','',0,0,0,0,0,'N','2025-04-09 10:41:30'),(5,7,'코드네 생활기록부','일상','개발자 취업 준비생의 일상을 그린 일상툰','Y','webtoon/5/garoThumbnail/1c128cff-f478-40d0-9037-25b86af0ac24.jpg','webtoon/5/seroThumbnail/cf6f7541-3868-4661-acda-907ada0ebbdb.jpg','2025-04-10',2,19,10,1,2,'N','2025-04-09 10:46:03'),(6,6,'드래곤 인턴일지','개그','불의 산에서 수천 년 동안 잠들어 있던 최강의 용, ‘바르도르’.\n\n세상을 지배하러 깨어났지만...\n\n현실은 중소기업 인턴으로 입사하게 된다.','Y','webtoon/6/garoThumbnail/b3cbcde7-2842-4ac5-be8b-acf828c43314.png','webtoon/6/seroThumbnail/9a0dfd32-e97d-4039-a33b-3b4f99b9709d.png','',0,0,0,0,0,'N','2025-04-09 11:01:27'),(7,9,'우편함 속 계절들','감성','작은 시골 마을, 익명의 편지를 하나씩 배달하게 된 신입 집배원 ‘하늘’.\n보내는 사람도, 받는 사람도 없지만 그 편지들은 누군가의 마음을 닮아 있었다.\n편지를 따라 걸어가는 동안, 그는 잊고 있던 자신의 마음을 마주하게 된다.','Y','webtoon/7/garoThumbnail/70a6d559-ff34-49ac-bd4c-d0e498f57151.jpg','webtoon/7/seroThumbnail/6b8291a3-6f3b-4e19-b9d9-8a7f37663d39.jpg','2025-04-09',1,6,0,0,0,'N','2025-04-09 11:04:13'),(8,5,'검은 연회','무협/사극','조선 말기, 왕족과 귀족이 비밀리에 열던 연회.\n하지만 이 연회에 초대받은 자들은 하나씩 사라져간다.\n그 중심엔, 검은 갓과 도포를 두른 \'검객 연희\'가 있다.\n그녀는 자신의 가족을 죽음으로 몰아넣은 자들을 하나씩 제거하기 위해 연회를 열고, 복수를 완성','Y','webtoon/8/garoThumbnail/291f6266-fd30-425e-a2ca-2e860e0f4476.jpg','webtoon/8/seroThumbnail/93145a51-b52f-4df1-8e31-de0ccc54d5be.jpg','',0,0,0,0,0,'N','2025-04-09 11:05:18'),(9,10,'네트 너머의 너','스포츠','“공은 네트를 넘지만, 마음은 너머에 남는다.”\n\n포지션이 다른 두 에이스의 충돌과 화합, 그리고 전국 대회라는 목표를 향한 팀 전체의 성장을 다룬 배구 웹툰.','Y','webtoon/9/garoThumbnail/a550932c-afcc-4464-83d8-e1492646d49b.png','webtoon/9/seroThumbnail/248de28a-8886-4013-9859-4dcf8cc0f28d.png','',0,0,0,0,0,'N','2025-04-09 11:08:33'),(10,10,'리셋 서브','스포츠','전국 대회 1위 출신이지만 ‘서브 폴트’ 트라우마로 탁구를 그만둔 소년.\n하지만 전학 간 학교에서 탁구부와 만나게 되면서,\n‘다시 서브를 넣는 법’을 배우며 잃어버린 감각과 자존감을 되찾아간다.','Y','webtoon/10/garoThumbnail/4099c2ac-fdc4-4f21-af3e-083e647b6ee3.png','webtoon/10/seroThumbnail/797a0f02-f08a-4a91-87f3-32d9b3b93436.png','',0,0,0,0,0,'N','2025-04-09 11:10:37'),(11,11,'블랙 아카이브','액션','정보가 무기가 된 시대, 잊혀진 진실을 파헤치는 그림자들의 전투\n\n보이는 세계의 질서를 뒤흔드는 자들 vs 그 질서에 저항하는 자들의 정보 액션 느와르','Y','webtoon/11/garoThumbnail/7559b52c-f138-4bba-a6fb-08299d3e5feb.png','webtoon/11/seroThumbnail/84a311e5-9158-4fb3-8787-12b4b7b2b089.png','',0,0,0,0,0,'N','2025-04-09 11:20:11'),(12,11,'제로 코드','액션','10년 전 폐기된 국가 실험, ‘제로 코드’\n그 마지막 실험체였던 소년 유진은 지워진 기억 속에서 깨어나 자신을 만든 자들을 추적하기 시작한다.\n\n기억은 조작됐고, 몸은 진실을 기억하고 있다.','Y','webtoon/12/garoThumbnail/0659cbe1-a473-46ea-bce1-e9b6328b4140.png','webtoon/12/seroThumbnail/698d3f40-b3d3-4cd3-9190-0a35f4fc9b14.png','',0,0,0,0,0,'N','2025-04-09 11:22:51'),(13,1,'도깨비 불주먹','액션','\"힘 없는 사람들을 위해 싸운다\"는 정의감과 전설 속 도깨비 신화를 현대적으로 재해석한 도심 속 전통 판타지 액션물','Y','webtoon/13/garoThumbnail/045fb8f7-40e8-49c8-b49e-448ece477e52.png','webtoon/13/seroThumbnail/d2ed90be-62b7-40b3-92ea-8c70780d2b11.png','',0,0,0,0,1,'N','2025-04-09 11:24:50'),(14,6,'달의 정원사','판타지','이승과 저승, 현실과 환상 그 사이에서 기억의 꽃을 가꾸는 정원사의 이야기','Y','webtoon/14/garoThumbnail/9b5d9331-622a-47e2-b2c7-7b3d1b7b1a2e.png','webtoon/14/seroThumbnail/810beb2d-1653-4276-951a-70bf4c59fc84.png','',0,0,0,0,0,'N','2025-04-09 11:30:51'),(15,4,'오늘도 작은 빛','로맨스','동네 카페에 찾아오는 다양한 사람들의 사연과 그들에게 커피 한 잔으로 위로를 건네는 바리스타 이야기','Y','webtoon/15/garoThumbnail/1f0bcd58-fa4b-4c70-a945-3adf73622ebe.jpg','webtoon/15/seroThumbnail/f802871c-8e30-4f1c-b8f2-01662058fc66.jpg','2025-04-09',1,5,0,0,0,'N','2025-04-09 11:34:05'),(16,4,'달이 머무는 밤','감성','도서관에서 마주친 낯선 남자.\n그가 빌려가는 책은 전부, 은수의 기억 속 어딘가에 머물러 있던 이야기였다.\n말보다 조용한 대화, 그리고 잊고 있던 감정이 조금씩 깨어나는 밤','N','webtoon/16/garoThumbnail/74eced56-a6a1-4259-805e-e3ea11e02abf.jpg','webtoon/16/seroThumbnail/f17fb991-27cc-49f8-b1dc-66bcfc6a9fe6.jpg','',0,0,0,0,1,'N','2025-04-09 11:41:50'),(17,4,'댓글 속 살인자','스릴러','실시간으로 올라오는 익명의 댓글\n그 안에서 다음 살인의 힌트를 추적해나가는 주인공','N','webtoon/17/garoThumbnail/c434cfa0-734d-4592-9779-42f5e90701c8.jpg','webtoon/17/seroThumbnail/95c30388-fba6-4938-9b63-be40b764e3c5.jpg','',0,0,0,0,0,'N','2025-04-09 11:44:02'),(18,8,'잊힌 마을의 기록관','판타지','기억과 망각, 그리고 존재와 소멸의 경계에 선 감성 판타지','Y','webtoon/18/garoThumbnail/343c7480-36fd-48bc-a59e-0b2fee7e7f24.jpg','webtoon/18/seroThumbnail/ea331901-3358-401c-a072-076493afbfd6.jpg','',0,0,0,0,0,'N','2025-04-09 11:44:05'),(19,8,'라면왕 김셰프','개그','미쉐린 셰프 출신, 지금은 편의점에서 라면만 끓이는 남자\n\n“물 550ml, 인생의 황금비율이죠.”\n\n요리는 라면, 인생은 개그\n\n세상에서 제일 진지한 라면 시트콤!','Y','webtoon/19/garoThumbnail/61c6fda3-9cde-47cd-9b7f-0a74f58ae9b0.jpg','webtoon/19/seroThumbnail/a49e4c21-0f6d-4c20-9dac-93c019c4cca5.jpg','',0,0,0,0,0,'N','2025-04-09 11:46:46'),(20,4,'404호 관찰일지','스릴러','\"당신의 삶은 누군가의 기록일지도 모른다.”','Y','webtoon/20/garoThumbnail/420878ba-a876-4b70-9ef0-fd92321c0da4.jpg','webtoon/20/seroThumbnail/34b8bb55-4845-4130-9c8a-b47547388c4d.jpg','',0,0,0,0,0,'N','2025-04-09 11:47:01'),(21,2,'퇴사일기','드라마','월요병 만렙 직장인이 퇴사 후 다양한 부업, 창업, 여행, 치유를 겪으며 다시 나를 찾아가는 이야기','N','webtoon/21/garoThumbnail/1ea7c060-cbbe-43a0-92b9-ef631a09dfe0.jpg','webtoon/21/seroThumbnail/17c2df24-1d30-45b3-9590-0ea16664d71f.jpg','',0,0,0,0,0,'N','2025-04-09 11:49:39'),(22,7,'도시쥐 연대기','판타지','인간들이 잘 모르는 사이, 대도시 서울의 지하에는 쥐들만의 거대한 사회가 존재한다. 지하철 터널, 하수도, 오래된 건물 틈마다 도시쥐들의 마을이 숨겨져 있다. 이 쥐들은 인간의 문명을 흉내 내며 자신들만의 방식으로 살아가고 있으며, 때로는 인간과 교묘하게 얽히기도 한다.','Y','webtoon/22/garoThumbnail/be444ab7-9473-45d1-a4e1-504a4230e7d1.jpg','webtoon/22/seroThumbnail/2d671bec-51b0-4b8f-9081-06d703c689b8.jpg','2025-04-09',3,44,54,6,3,'N','2025-04-09 11:50:25'),(23,2,'퇴마사 월세방','개그','500년 묵은 퇴마사, 이젠 악귀보다 월세가 더 무섭다!\n\n건물주 눈치 보며 귀신 알바하는 웃픈 자취 퇴마 코미디','Y','webtoon/23/garoThumbnail/70436645-daf2-4b82-91d6-10e8dcfc6386.jpg','webtoon/23/seroThumbnail/95f3bfbf-9ef4-44af-8f70-030e80c760c4.jpg','',0,0,0,0,0,'N','2025-04-09 11:53:38'),(24,2,'피드 속 실종자','스릴러','실종자들이 남긴 SNS 피드 속 단서를 쫓아, 그 이면에 숨겨진 진실과 마주하는 추적 스릴러','Y','webtoon/24/garoThumbnail/84198880-706b-4a1d-be85-757117b2cf68.jpg','webtoon/24/seroThumbnail/0da9e183-7033-4627-8148-04beb59b7e66.jpg','',0,0,0,0,0,'N','2025-04-09 11:55:41'),(25,5,'강호의 바람은 붉다','무협/사극','오래된 무문이 붕괴되면서, 형은 악인으로 낙인찍히고 동생은 권문에 붙어 살아남는다.\n10년 후, 강호에 다시 등장한 ‘붉은 바람’의 검객.\n복수인지 구원인지 모를 길 위에서 두 형제가 다시 칼을 맞댄다.','Y','webtoon/25/garoThumbnail/f8d21202-2c9b-4d7c-adec-d2dc82e1b733.jpg','webtoon/25/seroThumbnail/cfbd7033-b430-4245-93ae-b625117fa8e2.jpg','',0,0,0,0,0,'N','2025-04-09 12:03:58'),(26,5,'쌍화차 낭자전','무협/사극','자객의 기술로 설탕 덩어리를 조절하고,\n기생집보다 핫한 찻집 ‘쌍화당’에서 벌어지는\n우당탕탕 달콤살벌한 무협 로맨스!','Y','webtoon/26/garoThumbnail/4d45900c-8341-4a4f-802e-f18d9dafeb90.jpg','webtoon/26/seroThumbnail/378e004f-f53c-4dfa-bd66-3be693a95dac.jpg','',0,0,0,0,0,'Y','2025-04-09 12:06:46'),(27,12,'쌍화차 낭자전','무협/사극','자객의 기술로 설탕 덩어리를 조절하고,\n기생집보다 핫한 찻집 ‘쌍화당’에서 벌어지는\n우당탕탕 달콤살벌한 무협 로맨스!','N','webtoon/27/garoThumbnail/890bd317-bbb0-47a3-a25e-89e271bcf796.jpg','webtoon/27/seroThumbnail/759f606d-67ea-4750-9686-1db88402969e.jpg','',0,0,0,0,0,'N','2025-04-09 13:15:53'),(28,12,'클럽 제로 : 무력 동아리','액션','평범해 보이는 고등학교, 그러나 이면에선 학생들 간의 \"무력 순위제\" 존재','Y','webtoon/28/garoThumbnail/05aa3b47-02f8-4354-910b-174fe6232c25.jpg','webtoon/28/seroThumbnail/ea27cac9-f9d1-467e-b04f-f0b373240995.jpg','',0,0,0,0,0,'N','2025-04-09 14:03:59'),(29,14,'그 여름의 서랍','드라마','그 여름, 내가 꺼내지 못한 이야기들','N','webtoon/29/garoThumbnail/ea1ac3db-5971-436d-bb5c-e3faf66b5c9b.jpg','webtoon/29/seroThumbnail/dd4532b5-b4e8-46f8-8d55-69fc90c50d67.jpg','',0,0,0,0,0,'N','2025-04-09 14:40:13'),(30,14,'우산 아래 우리','드라마','삶의 비는 누구에게나 내리지만, 함께 우산을 쓰면 덜 춥다','Y','webtoon/30/garoThumbnail/310512e0-6d56-4a71-a5a7-984aa9c1c464.jpg','webtoon/30/seroThumbnail/6f022f8a-1d99-40ac-a803-3eb7484a4e05.jpg','',0,0,0,0,0,'N','2025-04-09 14:43:00'),(31,14,'아무 사이도 아니야','드라마','무심하게 흘러가는 일상 속, 둘 사이엔 다시 마주치지 않을 ‘어떤 순간들’이 쌓여간다.','Y','webtoon/31/garoThumbnail/117e2dc4-53f9-4049-857e-5daad7791fad.jpg','webtoon/31/seroThumbnail/b0201fee-61ce-4c5f-a056-4756c908e180.jpg','',0,0,0,0,0,'N','2025-04-09 14:45:47'),(32,13,'동네 사람들','일상','각기 다른 세대와 사연을 가진 사람들이 모여 사는 한 동네에서 벌어지는 소소하고도 마음 찡한 에피소드를 그리는 옴니버스 형식의 일상극','Y','webtoon/32/garoThumbnail/22df4a22-ffd8-4f53-8a60-9709d497fa9e.jpg','webtoon/32/seroThumbnail/fcd140e7-9b74-4ade-b10c-351b235517dc.jpg','2025-04-09',1,5,0,0,0,'N','2025-04-09 15:00:14'),(33,13,'열두 번째 리셋','스릴러','\"누군가는 반드시 죽는다. 단, 너만 리셋된다.\"\n\n한정된 인원, 한정된 공간, 그리고 반복되는 죽음\n\n그 속에서 단서를 모아 나가는 서스펜스 밀실 루프물','Y','webtoon/33/garoThumbnail/6b736511-56af-4532-a3c7-92c3f915ecc1.jpg','webtoon/33/seroThumbnail/8d4ba95b-8aec-4aca-9536-330f6c8f57f2.jpg','',0,0,0,0,0,'N','2025-04-09 16:07:34'),(34,16,'너를 잊은 하루 ','로맨스','\"사랑은 기억보다 깊은 데에 남는다.\"\n\n매일 사랑을 잊는 남자와, 매일 다시 사랑에 빠지는 여자의 이야기','Y','webtoon/34/garoThumbnail/18a73e2d-6cbc-4d10-ad05-4a78418e6441.jpg','webtoon/34/seroThumbnail/ea29bef1-69b8-4c6a-85de-4db9b66f0290.jpg','',0,0,0,0,0,'N','2025-04-10 02:05:30'),(35,16,'편지의 끝에서','로맨스','사라진 첫사랑이 남긴 편지들을 따라가며, 그 사람의 마음과 자신의 진심을 마주하게 되는 이야기','Y','webtoon/35/garoThumbnail/0c9fad76-38ee-4af8-9f0b-c151d4b07543.jpg','webtoon/35/seroThumbnail/4fac7eba-1aee-4f6a-b54b-9ead465e2a0b.jpg','',0,0,0,0,0,'N','2025-04-10 02:08:20'),(36,16,'반려식물 연애일기','로맨스','상처받은 두 사람이 ‘반려식물’을 통해 조금씩 서로에게 다가가는 이야기를 그린 잔잔하고 따뜻한 감성 로맨스','N','webtoon/36/garoThumbnail/0dd3a57f-dbfb-4bf0-957b-749efc6fff52.jpg','webtoon/36/seroThumbnail/18d78797-c384-460a-97bf-a4bbf52886b2.jpg','',0,0,0,0,0,'N','2025-04-10 02:10:25'),(37,18,'0.01초의 결말','스포츠','“0.01초가 인생을 바꾼다.”\n\n한 번의 실격으로 무너졌던 전 국가대표 육상 유망주가 전혀 다른 환경의 고등학교에서 다시 달리기를 시작하며 자신과, 동료들과, 과거의 상처를 뛰어넘는 이야기','Y','webtoon/37/garoThumbnail/9a199a60-cc1b-4df1-8206-1f7fd6387e33.jpg','webtoon/37/seroThumbnail/12c152fb-66cc-40c9-add8-6861a4977b98.jpg','',0,0,0,0,0,'N','2025-04-10 02:19:59'),(38,18,'구름 위 편의점','일상','현실에서 지친 사람들이 우연히 들르게 되는 신비한 편의점에서, \n작은 대화와 소소한 물건을 통해 위로와 용기를 전하는 감성 힐링물','Y','webtoon/38/garoThumbnail/d3ba38ca-3394-4f4a-9252-446bbd61a762.jpg','webtoon/38/seroThumbnail/4b9877c5-b452-4c9a-95e6-0ca40601100c.jpg','',0,0,0,0,0,'N','2025-04-10 02:26:22'),(39,18,'오늘은 창문을 열었어요','일상','바쁜 일상 속, 창밖을 바라보는 잠깐의 멈춤에서 작은 변화와 감정을 담아내는 창문 에세이 드라마','N','webtoon/39/garoThumbnail/d9249332-1d95-43de-8d38-bcac86eec3c2.jpg','webtoon/39/seroThumbnail/eaf276c1-b9d3-435b-a4d2-641f31af597c.jpg','',0,0,0,0,0,'N','2025-04-10 02:29:43'),(40,18,'태초의 심장','판타지','신의 심장을 차지하려는 전쟁이 끝없이 이어지는 세계에서,\n\n신을 증오하는 소녀 라셀이 그 심장을 파괴하려는 여정을 시작한다.','Y','webtoon/40/garoThumbnail/09db7963-13f0-42d0-863d-dda98a3ccaff.jpg','webtoon/40/seroThumbnail/b514a8a9-84f2-4e7e-953e-09520f32d960.jpg','',0,0,0,0,0,'N','2025-04-10 02:31:23');
/*!40000 ALTER TABLE `webtoon` ENABLE KEYS */;
UNLOCK TABLES;
SET @@SESSION.SQL_LOG_BIN = @MYSQLDUMP_TEMP_LOG_BIN;
/*!40103 SET TIME_ZONE=@OLD_TIME_ZONE */;

/*!40101 SET SQL_MODE=@OLD_SQL_MODE */;
/*!40014 SET FOREIGN_KEY_CHECKS=@OLD_FOREIGN_KEY_CHECKS */;
/*!40014 SET UNIQUE_CHECKS=@OLD_UNIQUE_CHECKS */;
/*!40101 SET CHARACTER_SET_CLIENT=@OLD_CHARACTER_SET_CLIENT */;
/*!40101 SET CHARACTER_SET_RESULTS=@OLD_CHARACTER_SET_RESULTS */;
/*!40101 SET COLLATION_CONNECTION=@OLD_COLLATION_CONNECTION */;
/*!40111 SET SQL_NOTES=@OLD_SQL_NOTES */;

-- Dump completed on 2025-04-10 21:41:04
